381.4096281528473,"0,206,3342,22,1,1000"
903.935524225235,"0,206,3342,26,1,2000"
1397.762947320938,"0,205,3352,30,13,2843,7"
1512.1660239696503,"0,206,3342,31,1,3000"
1688.1887118816376,"0,206,3342,34,0,1000"
1954.3887012004852,"0,205,3352,33,13,3664,4"
2210.709874391556,"0,206,3342,35,1,4000"
2459.134519338608,"0,206,3342,37,0,2000"
2604.4848589897156,"0,205,3352,38,13,4519,1"
2748.39000248909,"0,205,3352,39,13,4697,4"
3011.269382238388,"0,206,3342,40,1,5000"
3097.6595475673676,"0,205,3352,16,13,5102,5"
3303.4454267024994,"0,206,3342,42,0,3000"
3912.4645307064056,"0,206,3342,45,1,6000"
4242.861134290695,"0,206,3342,46,0,4000"
4486.392607927322,"0,205,3352,48,13,6594,9"
4892.405495405197,"0,205,3352,50,13,6993,2"
4914.659872531891,"0,206,3342,50,1,7000"
5259.649688005447,"0,206,3342,50,0,5000"
5524.038035392761,"0,205,3352,27,13,7575,6"
6004.161340475082,"0,206,3342,54,1,8000"
6183.774378538132,"0,205,3352,54,13,8160,9"
6350.32231593132,"0,206,3342,53,0,6000"
6790.308002948761,"0,205,3352,57,13,8688,6"
7174.285336017609,"0,206,3342,58,1,9000"
7527.722270727158,"0,206,3342,58,0,7000"
7993.037608623505,"0,205,3352,59,12,7378,7"
8438.858244657516,"0,206,3342,63,1,10000"
8796.939600467682,"0,206,3342,62,0,8000"
9793.346477985382,"0,206,3342,67,1,11000"
9869.532617807388,"0,205,3352,67,13,11055,4"
9894.349944591522,"0,205,3352,67,13,11073,9"
10149.663982391357,"0,206,3342,66,0,9000"
11235.035233736038,"0,206,3342,72,1,12000"
11600.381101369858,"0,206,3342,71,0,10000"
12661.462017059326,"0,205,3352,78,13,12928,5"
12792.444515705109,"0,206,3342,78,1,13000"
12965.375151634216,"0,205,3352,79,13,13107,7"
13135.027424097061,"0,206,3342,75,0,11000"
13144.432812690735,"0,205,3352,75,12,11006,2"
14392.6128885746,"0,205,3352,83,13,13970,7"
14443.66501045227,"0,206,3352,84,1,14000"
15359.159143209457,"0,205,3352,87,13,14526,4"
15767.17218542099,"0,205,3352,88,13,14754,0"
16230.68542432785,"0,206,3342,90,1,15000"
16462.2103972435,"0,206,3342,83,0,13000"
16695.316086530685,"0,205,3352,91,13,15250,6"
16910.873807907104,"0,205,3352,92,13,15365,3"
18144.236929893494,"0,206,3342,96,1,16000"
18255.26870918274,"0,206,3342,87,0,14000"
20141.12105369568,"0,206,3342,92,0,15000"
20259.242352247238,"0,205,3352,103,13,248,4"
21814.82482981682,"0,205,3352,108,13,968,2"
21885.39861011505,"0,206,3352,108,1,1000"
21974.045422792435,"0,205,3352,84,13,1040,7"
22123.00272154808,"0,206,3342,96,0,16000"
22690.875948667526,"0,205,3352,111,13,1360,8"
23215.594556331635,"0,205,3352,74,12,16539,1"
23424.19870185852,"0,205,3352,113,13,1680,2"
24179.433270692825,"0,206,3342,100,0,17000"
24284.66820216179,"0,205,3352,116,13,2040,6"
25111.375286102295,"0,205,3352,119,13,2384,6"
26307.807240247726,"0,205,3352,123,13,2870,7"
26318.25029182434,"0,206,3352,105,0,18000"
26540.60422682762,"0,205,3352,123,13,2963,7"
26649.044554948807,"0,206,3342,124,1,3000"
28317.523278713226,"0,205,3352,129,13,3646,2"
28375.54000020027,"0,205,3352,108,12,18928,7"
28552.431075572968,"0,206,3342,108,0,19000"
28817.610709905624,"0,205,3352,131,13,3834,5"
29278.328290462494,"0,206,3342,132,1,4000"
30308.685061216354,"0,205,3352,136,13,4378,5"
30867.470435857773,"0,206,3342,112,0,20000"
32066.562797307968,"0,206,3352,141,1,5000"
32613.57275867462,"0,205,3352,143,13,5188,2"
33276.69432044029,"0,206,3342,118,0,21000"
33479.28096461296,"0,205,3352,146,13,5482,4"
35047.57585692406,"0,206,3352,151,1,6000"
35499.73704838753,"0,205,3352,122,12,21894,4"
35782.94733476639,"0,206,3342,122,0,22000"
36661.7659432888,"0,205,3352,156,13,6514,5"
38250.535653591156,"0,206,3342,162,1,7000"
38387.088186740875,"0,206,3342,127,0,23000"
38501.14127039909,"0,205,3352,163,13,7076,6"
38704.20941448212,"0,205,3352,163,13,7137,0"
40269.39067029953,"0,205,3352,168,13,7600,4"
41061.845004320145,"0,205,3352,171,13,7829,9"
41084.99572467804,"0,206,3342,132,0,24000"
41659.53359723091,"0,206,3352,173,1,8000"
42293.42343854904,"0,205,3352,175,13,8179,7"
43643.58731865883,"0,205,3352,179,13,8553,8"
43884.791095495224,"0,206,3342,136,0,25000"
44667.08509802818,"0,205,3352,183,13,8830,3"
45317.13093662262,"0,206,3342,185,1,9000"
45964.12204813957,"0,205,3352,140,12,25724,1"
46111.92331004143,"0,205,3352,187,13,9210,1"
46711.017981529236,"0,205,3352,189,13,9366,3"
46769.96348309517,"0,206,3352,116,0,26000"
47912.51011276245,"0,205,3352,193,13,9674,3"
48661.73795390129,"0,205,3352,196,13,9863,3"
49225.17736554146,"0,206,3342,198,1,10000"
49768.406504392624,"0,206,3342,146,0,27000"
50391.82708287239,"0,205,3352,147,12,27205,4"
50670.705835580826,"0,205,3352,202,13,10355,7"
51009.53480386734,"0,205,3352,204,13,10437,0"
51958.9633307457,"0,205,3352,207,13,10664,2"
52258.15933728218,"0,205,3352,150,12,27809,5"
52869.90780067444,"0,206,3342,151,0,28000"
53388.11430811882,"0,206,3352,211,1,11000"
54102.54140329361,"0,205,3352,214,13,11165,8"
55538.4654583931,"0,205,3352,219,13,11491,5"
56053.63082957268,"0,206,3352,155,0,29000"
56524.899656534195,"0,205,3352,222,13,11711,9"
57049.426253557205,"0,205,3352,157,12,29307,2"
57487.62311887741,"0,205,3352,225,13,11923,7"
57841.12489295006,"0,206,3352,226,1,12000"
59025.261848926544,"0,205,3352,230,13,12255,6"
59348.36177229881,"0,206,3342,161,0,30000"
60392.95157408714,"0,205,3352,235,13,12544,7"
61964.44522809982,"0,205,3352,164,12,30776,9"
62602.40369677544,"0,206,3352,242,1,13000"
64997.586246967316,"0,206,3342,250,1,0"
65474.79045462608,"0,205,3352,250,13,94,1"
66206.56228923798,"0,205,3352,170,12,31999,2"
66210.07241988182,"0,206,3352,170,0,32000"
66832.56285572052,"0,206,3342,250,1,0"
68186.27080130577,"0,205,3352,250,13,5,9"
68251.65107822418,"0,206,3342,250,1,0"
68781.41515088081,"0,205,3352,250,13,3,3"
68851.81245851517,"0,206,3342,250,1,0"
69043.37101387978,"0,206,3342,241,1,0"
69078.45944476128,"0,206,3342,250,1,0"
69113.4371855259,"0,206,3342,241,1,0"
69148.52673745155,"0,206,3342,250,1,0"
69305.00669908524,"0,206,3342,241,1,0"
69365.70417404175,"0,206,3342,250,1,0"
69400.68303704262,"0,206,3342,241,1,0"
69470.70270967484,"0,206,3342,250,1,0"
69505.68131661415,"0,206,3342,241,1,0"
69540.7733950615,"0,206,3342,250,1,0"
69575.74894046783,"0,206,3342,241,1,0"
69645.76834702492,"0,206,3342,250,1,0"
69680.74725675583,"0,206,3342,241,1,0"
69715.86119270325,"0,206,3342,250,1,0"
69804.29385566711,"0,206,3342,174,0,33000"
69846.72262692451,"0,206,3342,241,1,0"
69881.8238055706,"0,206,3342,250,1,0"
69916.80931949615,"0,206,3342,241,1,0"
69951.89328336716,"0,206,3342,250,1,0"
69986.85971474648,"0,206,3342,241,1,0"
70021.96518588066,"0,206,3342,250,1,0"
70056.92965531349,"0,206,3342,241,1,0"
70092.03346419334,"0,206,3342,250,1,0"
70127.01485991478,"0,206,3342,241,1,0"
70197.05502915382,"0,206,3342,250,1,0"
70292.79212117195,"0,206,3342,241,1,0"
70362.82017707825,"0,206,3342,250,1,0"
70397.80041074753,"0,206,3342,241,1,0"
70467.82813239098,"0,206,3342,250,1,0"
70502.80976176262,"0,206,3342,241,1,0"
70572.83385753632,"0,206,3342,250,1,0"
70642.95572638512,"0,206,3342,241,1,0"
70678.04632329941,"0,206,3342,250,1,0"
70793.51645946503,"0,206,3342,241,1,0"
70828.60637569427,"0,206,3342,250,1,0"
70863.58507227898,"0,206,3342,241,1,0"
70933.62495350838,"0,206,3342,250,1,0"
71003.73651432991,"0,206,3342,241,1,0"
71038.85423851013,"0,206,3342,250,1,0"
71073.83347821236,"0,206,3342,241,1,0"
71108.937977314,"0,206,3342,250,1,0"
71143.92087578773,"0,206,3342,241,1,0"
71179.01143598557,"0,206,3342,250,1,0"
71213.9914085865,"0,206,3342,241,1,0"
71249.1118323803,"0,206,3342,250,1,0"
71284.08953857422,"0,206,3342,241,1,0"
71423.97936940193,"0,206,3342,250,1,0"
71458.95673012733,"0,206,3342,241,1,0"
71494.07040309906,"0,206,3342,250,1,0"
71529.05037760735,"0,206,3342,241,1,0"
71599.07992386818,"0,206,3342,250,1,0"
71669.2242975235,"0,206,3342,241,1,0"
71704.33020353317,"0,206,3342,250,1,0"
71739.30879378319,"0,206,3342,241,1,0"
71774.40532541275,"0,206,3342,250,1,0"
71809.38499379158,"0,206,3342,241,1,0"
71914.35679411888,"0,206,3342,250,1,0"
71949.33608579636,"0,206,3342,241,1,0"
72019.37493276596,"0,206,3342,250,1,0"
72054.35398387909,"0,206,3342,241,1,0"
72144.05032038689,"0,206,3352,241,1,0"
72169.19093704224,"0,206,3342,250,1,0"
72204.17042708397,"0,206,3342,241,1,0"
72344.08408236504,"0,206,3342,250,1,0"
72379.06406569481,"0,206,3342,241,1,0"
72449.1016728878,"0,206,3342,250,1,0"
72484.0813741684,"0,206,3342,241,1,0"
72554.12146115303,"0,206,3342,250,1,0"
72589.10096597672,"0,206,3342,241,1,0"
72798.90338015556,"0,206,3342,250,1,0"
72833.86625671387,"0,206,3342,241,1,0"
72868.97846651077,"0,206,3342,250,1,0"
72888.84522008896,"0,206,3352,241,1,0"
72923.75702691078,"0,206,3342,236,1,0"
72958.68902301788,"0,206,3342,241,1,0"
72993.55822992325,"0,206,3342,240,1,0"
73028.37439513206,"0,205,3352,240,13,0,7"
73072.9681994915,"0,206,3342,240,1,0"
73142.78850054741,"0,206,3342,250,1,0"
73177.68757390976,"0,206,3342,240,1,0"
73197.40077996254,"0,206,3352,240,1,0"
73222.49617171288,"0,206,3342,250,1,0"
73257.41280007362,"0,206,3342,240,1,0"
73292.4246749878,"0,206,3342,250,1,0"
73327.33771777153,"0,206,3342,240,1,0"
73451.46673250198,"0,206,3352,240,1,0"
73476.58241796494,"0,206,3342,250,1,0"
73488.78454995155,"0,206,3342,184,0,34000"
73511.47113323212,"0,206,3342,240,1,0"
73565.98513936996,"0,206,3352,240,1,0"
73590.8992755413,"0,206,3342,240,1,0"
73958.73088526726,"0,206,3352,240,1,0"
73983.82998681068,"0,206,3342,250,1,0"
74018.73139047623,"0,206,3342,240,1,0"
74073.2477171421,"0,206,3352,240,1,0"
74098.15829992294,"0,206,3342,240,1,0"
74142.87751555443,"0,205,3352,240,13,2,6"
74160.60651373863,"0,205,3352,179,12,34180,6"
74183.0439889431,"0,206,3342,250,1,0"
74253.06649875641,"0,206,3342,240,1,0"
74307.57691121101,"0,206,3352,240,1,0"
74332.6848256588,"0,206,3342,250,1,0"
74367.59949612617,"0,206,3342,240,1,0"
74472.2332148552,"0,206,3342,250,1,0"
74492.03736305237,"0,206,3352,240,1,0"
74517.15897893906,"0,206,3342,250,1,0"
74552.06168365479,"0,206,3342,240,1,0"
74606.57150435448,"0,206,3352,240,1,0"
74631.68713259697,"0,206,3342,250,1,0"
74666.59467053413,"0,206,3342,240,1,0"
74686.29453229904,"0,206,3352,240,1,0"
74711.20504641533,"0,206,3342,240,1,0"
74765.69055461884,"0,206,3352,240,1,0"
74790.82389688492,"0,206,3342,250,1,0"
74825.72241568565,"0,206,3342,240,1,0"
74930.30395650864,"0,206,3342,250,1,0"
74985.19535374641,"0,206,3352,240,1,0"
75055.208943367,"0,206,3342,250,1,0"
75075.0120139122,"0,206,3352,240,1,0"
75109.69754743576,"0,206,3342,240,1,0"
75144.44130969048,"0,206,3342,239,1,0"
75164.04776024818,"0,206,3352,239,1,0"
75189.1234767437,"0,206,3342,250,1,0"
75223.96262454987,"0,206,3342,239,1,0"
75258.91116476059,"0,206,3342,250,1,0"
75383.95759320259,"0,206,3352,240,1,0"
75418.82850694656,"0,206,3342,250,1,0"
75453.73840928078,"0,206,3342,240,1,0"
75473.37046957016,"0,206,3352,239,1,0"
75498.44557213783,"0,206,3342,250,1,0"
75533.36327695847,"0,206,3342,240,1,0"
75552.96879935265,"0,206,3352,239,1,0"
75597.54251170158,"0,206,3342,250,1,0"
75617.26642084122,"0,206,3352,239,1,0"
75642.36532092094,"0,206,3342,250,1,0"
75697.19643974304,"0,206,3352,239,1,0"
75722.26307988167,"0,206,3342,250,1,0"
75742.06699800491,"0,206,3352,240,1,0"
75751.81582522392,"0,206,3352,239,1,0"
75786.63274168968,"0,206,3342,250,1,0"
75841.5259566307,"0,206,3352,240,1,0"
75866.42967152596,"0,206,3342,240,1,0"
75901.1591591835,"0,206,3342,239,1,0"
75901.21653842926,"0,205,3352,239,13,0,6"
75925.63604402542,"0,206,3352,239,1,0"
75950.71331715584,"0,206,3342,250,1,0"
75985.55621004105,"0,206,3342,239,1,0"
76005.1533370018,"0,206,3352,239,1,0"
76030.25457715988,"0,206,3342,250,1,0"
76065.09262681007,"0,206,3342,239,1,0"
76119.76377248764,"0,206,3352,239,1,0"
76144.84924769402,"0,206,3342,250,1,0"
76164.58758974075,"0,206,3352,239,1,0"
76189.6587088108,"0,206,3342,250,1,0"
76209.40372133255,"0,206,3352,239,1,0"
76244.23482394218,"0,206,3342,250,1,0"
76263.95904874802,"0,206,3352,239,1,0"
76289.04484081268,"0,206,3342,250,1,0"
76308.77127718925,"0,206,3352,239,1,0"
76333.8561604023,"0,206,3342,250,1,0"
76388.64857792854,"0,206,3352,239,1,0"
76413.75086379051,"0,206,3342,250,1,0"
76433.50084662437,"0,206,3352,239,1,0"
76458.59140014648,"0,206,3342,250,1,0"
76493.49331903458,"0,206,3342,240,1,0"
76513.09954214096,"0,206,3352,239,1,0"
76538.19286108017,"0,206,3342,250,1,0"
76608.16506195068,"0,206,3342,240,1,0"
76652.48893475533,"0,206,3342,250,1,0"
76672.2289249897,"0,206,3352,239,1,0"
76697.30785036087,"0,206,3342,250,1,0"
76732.15097355843,"0,206,3342,239,1,0"
76786.48781371117,"0,206,3352,239,1,0"
76811.567237854,"0,206,3342,250,1,0"
76831.29629921913,"0,206,3352,239,1,0"
76875.88344192505,"0,206,3342,250,1,0"
76910.71453404427,"0,206,3342,239,1,0"
76929.93895697594,"0,206,3352,239,1,0"
76955.03075456619,"0,206,3342,250,1,0"
76974.759745121,"0,206,3352,239,1,0"
77009.58506894112,"0,206,3342,250,1,0"
77063.65691542625,"0,206,3352,239,1,0"
77088.75830173492,"0,206,3342,250,1,0"
77188.35943555832,"0,206,3352,239,1,0"
77252.43038415909,"0,206,3342,250,1,0"
77269.2024333477,"0,206,3342,189,0,35000"
77272.149985075,"0,206,3352,239,1,0"
77297.23680520058,"0,206,3342,250,1,0"
77422.39517092705,"0,206,3352,239,1,0"
77447.26481842995,"0,206,3342,250,1,0"
77467.0001130104,"0,206,3352,239,1,0"
77492.09102869034,"0,206,3342,250,1,0"
77511.82640719414,"0,206,3352,239,1,0"
77546.66033101082,"0,206,3342,250,1,0"
77581.48570418358,"0,206,3342,239,1,0"
77635.81959176064,"0,206,3352,239,1,0"
77660.90983819962,"0,206,3342,250,1,0"
77695.75474214554,"0,206,3342,239,1,0"
77715.3581609726,"0,206,3352,239,1,0"
77750.19485449791,"0,206,3342,250,1,0"
77785.03699207306,"0,206,3342,239,1,0"
77839.35816407204,"0,206,3352,239,1,0"
77864.44799852371,"0,206,3342,250,1,0"
77899.29920697212,"0,206,3342,239,1,0"
77953.62610054016,"0,206,3352,239,1,0"
77978.7041862011,"0,206,3342,250,1,0"
77998.44849300385,"0,206,3352,239,1,0"
78023.52150201797,"0,206,3342,250,1,0"
78043.25460863113,"0,206,3352,239,1,0"
78068.34495735168,"0,206,3342,250,1,0"
78088.07893657684,"0,206,3352,239,1,0"
78113.1679251194,"0,206,3342,250,1,0"
78167.96126031876,"0,206,3352,239,1,0"
78193.04943990707,"0,206,3342,250,1,0"
78247.85420227051,"0,206,3352,239,1,0"
78272.94422364235,"0,206,3342,250,1,0"
78292.66671872139,"0,206,3352,239,1,0"
78317.75285601616,"0,206,3342,250,1,0"
78352.60698390007,"0,206,3342,239,1,0"
78372.20428442955,"0,206,3352,239,1,0"
78401.52515220642,"0,205,3352,239,13,0,1"
78431.16096138954,"0,206,3342,239,1,0"
78450.76977801323,"0,206,3352,239,1,0"
78495.33828234673,"0,206,3342,250,1,0"
78515.05143046379,"0,206,3352,239,1,0"
78540.1550989151,"0,206,3342,250,1,0"
78574.99325561523,"0,206,3342,239,1,0"
78609.93720006943,"0,206,3342,250,1,0"
78629.67619609833,"0,206,3352,239,1,0"
78654.76095247269,"0,206,3342,250,1,0"
78674.48836183548,"0,206,3352,239,1,0"
78699.5724439621,"0,206,3342,250,1,0"
78704.80115509033,"0,205,3352,234,13,1,7"
78739.19057059288,"0,206,3342,239,1,0"
78843.58051514626,"0,206,3342,250,1,0"
78863.32323265076,"0,206,3352,239,1,0"
78888.39892625809,"0,206,3342,250,1,0"
78923.2424724102,"0,206,3342,239,1,0"
78958.18942379951,"0,206,3342,250,1,0"
78977.92081975937,"0,206,3352,239,1,0"
79003.00984334946,"0,206,3342,250,1,0"
79022.7537662983,"0,206,3352,239,1,0"
79047.82806825638,"0,206,3342,250,1,0"
79067.56548309326,"0,206,3352,239,1,0"
79112.13895535469,"0,206,3342,250,1,0"
79131.8534719944,"0,206,3352,239,1,0"
79156.7268269062,"0,206,3342,239,1,0"
79176.33321619034,"0,206,3352,239,1,0"
79246.23470234871,"0,206,3342,250,1,0"
79265.96572566032,"0,206,3352,239,1,0"
79300.79586577415,"0,206,3342,250,1,0"
79365.32287955284,"0,206,3352,239,1,0"
79400.15181398392,"0,206,3342,250,1,0"
79479.82655525208,"0,206,3342,239,1,0"
79499.4343264103,"0,206,3352,239,1,0"
79524.52349495888,"0,206,3342,250,1,0"
79544.25635099411,"0,206,3352,239,1,0"
79569.3310918808,"0,206,3342,250,1,0"
79589.0775783062,"0,206,3352,239,1,0"
79614.16150307655,"0,206,3342,250,1,0"
79648.99438261986,"0,206,3342,239,1,0"
79841.82889294624,"0,206,3352,239,1,0"
79866.9186360836,"0,206,3342,250,1,0"
79901.76799106598,"0,206,3342,239,1,0"
79936.70010232925,"0,206,3342,250,1,0"
79956.43855571747,"0,206,3352,239,1,0"
79981.526460886,"0,206,3342,250,1,0"
80141.57271194458,"0,206,3352,239,1,0"
80166.64274406433,"0,206,3342,250,1,0"
80236.56891512871,"0,206,3342,239,1,0"
80271.51931238174,"0,206,3342,250,1,0"
80351.16592526436,"0,206,3342,239,1,0"
80370.79149365425,"0,206,3352,239,1,0"
80395.86908888817,"0,206,3342,250,1,0"
80415.58630084991,"0,206,3352,239,1,0"
80440.67251610756,"0,206,3342,250,1,0"
80530.55609345436,"0,206,3352,239,1,0"
80555.64349675179,"0,206,3342,250,1,0"
80610.43576025963,"0,206,3352,239,1,0"
80635.54125618935,"0,206,3342,250,1,0"
80690.33370399475,"0,206,3352,239,1,0"
80715.42399048805,"0,206,3342,250,1,0"
80750.25923681259,"0,206,3342,239,1,0"
80769.87108135223,"0,206,3352,239,1,0"
80839.56528258324,"0,206,3342,239,1,0"
80844.48822331429,"0,205,3352,239,13,1,4"
80864.00810217857,"0,206,3352,239,1,0"
80889.09440159798,"0,206,3342,250,1,0"
81150.38685631752,"0,206,3342,188,0,36000"
81259.56027436256,"0,206,3352,239,1,0"
81284.65102243423,"0,206,3342,250,1,0"
81304.36977291107,"0,206,3352,239,1,0"
81329.45885682106,"0,206,3342,250,1,0"
81454.41519618034,"0,206,3352,239,1,0"
81479.48646759987,"0,206,3342,250,1,0"
81499.22189092636,"0,206,3352,239,1,0"
81534.04657006264,"0,206,3342,250,1,0"
81553.78606796265,"0,206,3352,239,1,0"
81578.86912679672,"0,206,3342,250,1,0"
81683.74548006058,"0,205,3352,250,13,0,5"
81723.87873077393,"0,206,3342,250,1,0"
82004.3586306572,"0,206,3342,240,1,0"
82039.26242804527,"0,206,3342,250,1,0"
82084.36489748955,"0,205,3352,240,13,2,2"
82119.0583050251,"0,206,3342,240,1,0"
82153.79243588448,"0,206,3342,239,1,0"
82188.73423099518,"0,206,3342,250,1,0"
82293.8132917881,"0,206,3342,240,1,0"
82328.77393817902,"0,206,3342,250,1,0"
82363.69010806084,"0,206,3342,240,1,0"
82398.63769721985,"0,206,3342,250,1,0"
82453.52960395813,"0,206,3352,240,1,0"
82478.44224071503,"0,206,3342,240,1,0"
82513.15663957596,"0,206,3342,239,1,0"
82548.1043214798,"0,206,3342,250,1,0"
82653.15581393242,"0,206,3342,240,1,0"
82688.1020822525,"0,206,3342,250,1,0"
82758.109572649,"0,206,3342,240,1,0"
82793.07443284988,"0,206,3342,250,1,0"
82863.11311888695,"0,206,3342,240,1,0"
82863.14079928398,"0,205,3352,240,13,0,9"
82948.29627418518,"0,206,3342,250,1,0"
82968.08318901062,"0,206,3352,240,1,0"
82993.19818663597,"0,206,3342,250,1,0"
83028.09840035439,"0,206,3342,240,1,0"
83047.81475710869,"0,206,3352,240,1,0"
83072.93211889267,"0,206,3342,250,1,0"
83076.73560333252,"0,205,3352,195,12,36491,9"
83107.83193898201,"0,206,3342,240,1,0"
83177.67269515991,"0,206,3342,250,1,0"
83212.5873978138,"0,206,3342,240,1,0"
83247.58402848244,"0,206,3342,250,1,0"
83317.60413241386,"0,206,3342,240,1,0"
83387.36020946503,"0,206,3342,250,1,0"
83432.26534962654,"0,206,3342,235,1,0"
83467.08247280121,"0,206,3342,240,1,0"
83502.03243637085,"0,206,3342,250,1,0"
83572.02322816849,"0,206,3342,240,1,0"
83606.98866224289,"0,206,3342,250,1,0"
83677.02738761902,"0,206,3342,240,1,0"
83712.02082681656,"0,206,3342,250,1,0"
83731.81888532639,"0,206,3352,240,1,0"
83756.72803139687,"0,206,3342,240,1,0"
83791.66917800903,"0,206,3342,250,1,0"
83861.68060207367,"0,206,3342,240,1,0"
83896.64398097992,"0,206,3342,250,1,0"
83931.55681276321,"0,206,3342,240,1,0"
83966.50837159157,"0,206,3342,250,1,0"
84141.49545073509,"0,206,3342,240,1,0"
84176.48943018913,"0,206,3342,250,1,0"
84211.39887070656,"0,206,3342,240,1,0"
84246.36292243004,"0,206,3342,250,1,0"
84316.4042737484,"0,206,3342,240,1,0"
84351.38421416283,"0,206,3342,250,1,0"
84526.7725148201,"0,206,3342,240,1,0"
84561.78249073029,"0,206,3342,250,1,0"
84631.80081009865,"0,206,3342,240,1,0"
84666.88915681839,"0,205,3352,250,13,0,6"
84706.83096671104,"0,206,3342,240,1,0"
84846.21057701111,"0,206,3342,250,1,0"
84916.20783138275,"0,206,3342,240,1,0"
84951.1659526825,"0,206,3342,250,1,0"
84986.08471679688,"0,206,3342,240,1,0"
85021.03240585327,"0,206,3342,250,1,0"
85113.97478818893,"0,206,3342,193,0,37000"
85126.14510321617,"0,206,3342,240,1,0"
85161.17814326286,"0,206,3342,250,1,0"
85196.08981013298,"0,206,3342,240,1,0"
85231.0684967041,"0,206,3342,250,1,0"
85301.09595394135,"0,206,3342,240,1,0"
85370.84902644157,"0,206,3342,250,1,0"
85440.85603570938,"0,206,3342,240,1,0"
85475.82482242584,"0,206,3342,250,1,0"
85545.85917282104,"0,206,3342,240,1,0"
85580.83858346939,"0,206,3342,250,1,0"
85650.86195230484,"0,206,3342,240,1,0"
85685.87530183792,"0,206,3342,250,1,0"
85755.91299653053,"0,206,3342,240,1,0"
85790.92256569862,"0,206,3342,250,1,0"
85825.83569049835,"0,206,3342,240,1,0"
85860.83307003975,"0,206,3342,250,1,0"
85930.8581469059,"0,206,3342,240,1,0"
86000.64551639557,"0,206,3342,250,1,0"
86106.3359401226,"0,206,3342,240,1,0"
86140.79789471626,"0,206,3342,250,1,0"
86175.70584821701,"0,206,3342,240,1,0"
86245.459151268,"0,206,3342,250,1,0"
86315.4814927578,"0,206,3342,240,1,0"
86350.43373918533,"0,206,3342,250,1,0"
86467.65308213234,"0,205,3352,169,12,37337,0"
86595.71929073334,"0,206,3342,240,1,0"
86700.32388234138,"0,206,3342,250,1,0"
86735.22889566422,"0,206,3342,240,1,0"
86795.86032557487,"0,206,3342,250,1,0"
86865.8504447937,"0,206,3342,240,1,0"
86900.89377307892,"0,206,3342,250,1,0"
86970.90153551102,"0,206,3342,240,1,0"
87005.91280722618,"0,206,3342,250,1,0"
87040.8298060894,"0,206,3342,240,1,0"
87111.21124005318,"0,206,3342,250,1,0"
87145.56327557564,"0,206,3342,240,1,0"
87150.59599018097,"0,205,3352,240,13,1,0"
87185.2797510624,"0,206,3342,240,1,0"
87289.8616425991,"0,206,3342,250,1,0"
87324.7685008049,"0,206,3342,240,1,0"
87359.71624112129,"0,206,3342,250,1,0"
87570.17085647583,"0,206,3342,240,1,0"
87605.1643269062,"0,206,3342,250,1,0"
87640.09600925446,"0,206,3342,240,1,0"
87709.90457129478,"0,206,3342,250,1,0"
87744.82487559319,"0,206,3342,240,1,0"
87814.59875488281,"0,206,3342,250,1,0"
87849.51486802101,"0,206,3342,240,1,0"
87884.46168327332,"0,206,3342,250,1,0"
87954.46687746048,"0,206,3342,240,1,0"
87989.43110322952,"0,206,3342,250,1,0"
88024.33245372772,"0,206,3342,240,1,0"
88059.27694559097,"0,206,3342,250,1,0"
88129.28341341019,"0,206,3342,240,1,0"
88164.24744486809,"0,206,3342,250,1,0"
88234.26549315453,"0,206,3342,240,1,0"
88269.26027488708,"0,206,3342,250,1,0"
88444.63966727257,"0,206,3342,240,1,0"
88449.64112210274,"0,205,3352,240,13,1,5"
88484.33855605125,"0,206,3342,240,1,0"
88588.88964366913,"0,206,3342,250,1,0"
88658.89751338959,"0,206,3342,240,1,0"
88693.84503388405,"0,206,3342,250,1,0"
88834.11682772636,"0,206,3342,240,1,0"
88903.9279665947,"0,206,3342,250,1,0"
88973.9517519474,"0,206,3342,240,1,0"
89043.73069500923,"0,206,3342,250,1,0"
89078.63291239738,"0,206,3342,240,1,0"
89113.59434390068,"0,206,3342,250,1,0"
89172.92592096329,"0,206,3342,201,0,38000"
89183.58519744873,"0,206,3342,240,1,0"
89218.54717516899,"0,206,3342,250,1,0"
89253.46394467354,"0,206,3342,240,1,0"
89288.41081953049,"0,206,3342,250,1,0"
89393.5086119175,"0,206,3342,240,1,0"
89463.34271097183,"0,206,3352,235,1,0"
89488.35603690147,"0,206,3342,250,1,0"
89523.26460289955,"0,206,3342,240,1,0"
89627.8697206974,"0,206,3342,250,1,0"
89662.76547861099,"0,206,3342,240,1,0"
89697.7287068367,"0,206,3342,250,1,0"
89767.71928024292,"0,206,3342,240,1,0"
89802.68246793747,"0,206,3342,250,1,0"
89837.59871411324,"0,206,3342,240,1,0"
89872.54635596275,"0,206,3342,250,1,0"
89942.55004763603,"0,206,3342,240,1,0"
89977.51375317574,"0,206,3342,250,1,0"
90012.4145655632,"0,206,3342,240,1,0"
90047.3640487194,"0,206,3342,250,1,0"
90117.37370181084,"0,206,3342,240,1,0"
90152.33580803871,"0,206,3342,250,1,0"
90187.24478006363,"0,206,3342,240,1,0"
90222.19201183319,"0,206,3342,250,1,0"
90327.3289911747,"0,206,3342,240,1,0"
90362.32539439201,"0,206,3342,250,1,0"
90397.24372839928,"0,206,3342,240,1,0"
90432.22127985954,"0,206,3342,250,1,0"
90467.14472579956,"0,206,3342,240,1,0"
90502.10096240044,"0,206,3342,250,1,0"
90507.32271122932,"0,205,3352,235,13,1,3"
90547.30220222473,"0,206,3342,250,1,0"
90617.32490730286,"0,206,3342,240,1,0"
90652.34170341492,"0,206,3342,250,1,0"
90757.48074197769,"0,206,3342,240,1,0"
90792.4994301796,"0,206,3342,250,1,0"
90932.77591395378,"0,206,3342,240,1,0"
91107.03013467789,"0,206,3342,250,1,0"
91141.93275880814,"0,206,3342,240,1,0"
91211.7111299038,"0,206,3342,250,1,0"
91246.6233587265,"0,206,3342,240,1,0"
91281.56992840767,"0,206,3342,250,1,0"
91351.56339001656,"0,206,3342,240,1,0"
91386.52699947357,"0,206,3342,250,1,0"
91421.43560624123,"0,206,3342,240,1,0"
91456.36213350296,"0,206,3342,250,1,0"
91552.04500865936,"0,206,3342,240,1,0"
91656.66799783707,"0,206,3342,250,1,0"
91691.58474850655,"0,206,3342,240,1,0"
91726.59462356567,"0,206,3342,250,1,0"
91761.51252746582,"0,206,3342,240,1,0"
91796.52289009094,"0,206,3342,250,1,0"
91866.54601573944,"0,206,3342,240,1,0"
91901.54817032814,"0,206,3342,250,1,0"
92041.79999542236,"0,206,3342,240,1,0"
92076.79862713814,"0,206,3342,250,1,0"
92146.83798241615,"0,206,3342,240,1,0"
92251.45135974884,"0,206,3342,250,1,0"
92461.93691945076,"0,206,3342,240,1,0"
92496.94634842873,"0,206,3342,250,1,0"
92531.85475611687,"0,206,3342,240,1,0"
92566.86628651619,"0,206,3342,250,1,0"
92601.76885485649,"0,206,3342,240,1,0"
92741.21891260147,"0,206,3342,250,1,0"
92776.12168765068,"0,206,3342,240,1,0"
92811.13124632835,"0,206,3342,250,1,0"
92846.05154395103,"0,206,3342,240,1,0"
92950.88105773926,"0,206,3342,250,1,0"
93043.66953849792,"0,205,3352,201,12,38938,6"
93056.00872707367,"0,206,3342,240,1,0"
93125.8273267746,"0,206,3342,250,1,0"
93160.72437787056,"0,206,3342,240,1,0"
93195.70259714127,"0,206,3342,250,1,0"
93230.60375595093,"0,206,3342,240,1,0"
93300.64055681229,"0,206,3342,250,1,0"
93316.88414740562,"0,206,3342,206,0,39000"
93370.64543652534,"0,206,3342,240,1,0"
93440.39945626259,"0,206,3342,250,1,0"
93510.38991379738,"0,206,3342,240,1,0"
93545.35464191437,"0,206,3342,250,1,0"
93580.26667618752,"0,206,3342,240,1,0"
93615.21785449982,"0,206,3342,250,1,0"
93685.20697164536,"0,206,3342,240,1,0"
93720.16547131538,"0,206,3342,250,1,0"
93965.73802304268,"0,206,3342,240,1,0"
94000.75101494789,"0,206,3342,250,1,0"
94035.6663570404,"0,206,3342,240,1,0"
94070.66069746017,"0,206,3342,250,1,0"
94105.57699751854,"0,206,3342,240,1,0"
94175.40161061287,"0,206,3342,250,1,0"
94210.31195116043,"0,206,3342,240,1,0"
94245.32541894913,"0,206,3342,250,1,0"
94526.01249241829,"0,206,3342,240,1,0"
94561.02438354492,"0,206,3342,250,1,0"
94631.03268194199,"0,206,3342,240,1,0"
94666.0446035862,"0,206,3342,250,1,0"
94806.288469553,"0,206,3342,240,1,0"
94841.30696821213,"0,206,3342,250,1,0"
94911.32430768013,"0,206,3342,240,1,0"
94946.33525323868,"0,206,3342,250,1,0"
95086.56639099121,"0,206,3342,240,1,0"
95156.39003491402,"0,206,3342,250,1,0"
95226.4037027359,"0,206,3342,240,1,0"
95261.41382861137,"0,206,3342,250,1,0"
95401.66565299034,"0,206,3342,240,1,0"
95471.45827770233,"0,206,3342,250,1,0"
95717.03767466545,"0,206,3342,240,1,0"
95752.04853129387,"0,206,3342,250,1,0"
95786.96851015091,"0,206,3342,240,1,0"
95821.97717523575,"0,206,3342,250,1,0"
96213.11843729019,"0,205,3352,235,13,1,0"
96263.25678944588,"0,206,3342,250,1,0"
96534.48321080208,"0,206,3342,240,1,0"
96569.47187781334,"0,206,3342,250,1,0"
96639.49306440353,"0,206,3342,240,1,0"
96734.9593193531,"0,206,3342,250,1,0"
96805.09108710289,"0,206,3342,241,1,0"
96840.18177247047,"0,206,3342,250,1,0"
96910.30927610397,"0,206,3342,241,1,0"
96980.33606314659,"0,206,3342,250,1,0"
97111.22829723358,"0,206,3342,241,1,0"
97146.33702015877,"0,206,3342,250,1,0"
97242.08191418648,"0,206,3342,241,1,0"
97278.76889848709,"0,205,3352,180,12,39942,5"
97312.11637449265,"0,206,3342,250,1,0"
97468.86440038681,"0,206,3342,241,1,0"
97538.64428520203,"0,206,3342,250,1,0"
97541.18048000336,"0,206,3342,205,0,40000"
97573.60647821426,"0,206,3342,241,1,0"
97634.33179855347,"0,206,3342,250,1,0"
98507.22857642174,"0,206,3342,243,1,0"
98567.99900579453,"0,206,3342,250,1,0"
98603.10385489464,"0,206,3342,243,1,0"
98708.43411040306,"0,206,3342,250,1,0"
98743.53505301476,"0,206,3342,243,1,0"
98778.73256349564,"0,206,3342,250,1,0"
98804.05434393883,"0,205,3352,250,13,5,6"
98864.98334884644,"0,206,3342,250,1,0"
99406.29913568497,"0,206,3342,244,1,0"
99441.30735611916,"0,206,3342,250,1,0"
99476.46522474289,"0,206,3342,244,1,0"
99537.31717300415,"0,206,3342,250,1,0"
100261.26397132874,"0,205,3352,250,13,0,3"
100316.84451293945,"0,206,3342,250,1,0"
100362.04244589806,"0,206,3342,240,1,0"
100448.30988931656,"0,206,3342,250,1,0"
101051.08128976822,"0,206,3342,240,1,0"
101086.29383611679,"0,206,3342,245,1,0"
101121.60566735268,"0,206,3342,250,1,0"
101863.61849713326,"0,206,3342,210,0,41000"
102603.96977353096,"0,206,3342,240,1,0"
102664.81401252747,"0,206,3342,250,1,0"
105697.66807484627,"0,205,3352,213,12,41874,7"
106180.85438036919,"0,205,3352,250,13,18,2"
106269.55962777138,"0,206,3342,214,0,42000"
106953.71869945526,"0,206,3342,250,1,0"
107009.55583524704,"0,205,3352,250,13,11,6"
107843.46060729027,"0,206,3342,250,1,0"
109237.01741218567,"0,205,3352,250,13,274,7"
110763.30767297745,"0,206,3342,223,0,43000"
111067.70590186119,"0,205,3352,250,13,634,5"
111257.1560280323,"0,205,3352,219,12,43109,3"
112430.245459795,"0,205,3352,250,13,902,8"
112943.65977668762,"0,206,3342,250,1,1000"
114133.40130496025,"0,205,3352,250,13,1234,4"
115338.00441408157,"0,206,3352,223,0,44000"
115903.05916571617,"0,205,3352,250,13,1582,4"
116274.26983833313,"0,205,3352,250,13,1655,6"
117479.47423744202,"0,205,3352,250,13,1892,3"
118028.49941563606,"0,206,3352,250,1,2000"
120024.08125209808,"0,206,3342,228,0,45000"
120061.31481051445,"0,205,3352,228,12,45008,4"
120184.38878250122,"0,205,3352,250,13,2424,4"
120898.53582668304,"0,205,3352,229,12,45185,9"
123113.48747897148,"0,206,3352,250,1,3000"
123779.10366392136,"0,205,3352,250,13,3131,7"
124806.17914819717,"0,206,3342,233,0,46000"
125055.41611981392,"0,205,3352,250,13,3382,2"
126340.16157245636,"0,205,3352,234,12,46317,6"
126534.59495568275,"0,205,3352,250,13,3673,3"
128197.04210042953,"0,206,3352,250,1,4000"
129691.33791041374,"0,206,3342,238,0,47000"
133295.7074558735,"0,206,3342,250,1,5000"
133393.61820149422,"0,205,3352,246,12,47747,6"
133859.95180678368,"0,205,3352,250,13,5111,7"
134677.2821958065,"0,206,3342,243,0,48000"
138379.1386604309,"0,206,3352,250,1,6000"
139055.32220172882,"0,205,3352,250,13,6133,7"
139769.07910084724,"0,206,3342,248,0,49000"
141938.79164218903,"0,205,3352,250,12,49422,5"
143015.74827170372,"0,205,3352,250,13,6912,7"
143463.07439661026,"0,206,3352,250,1,7000"
143825.2646267414,"0,205,3352,250,12,49788,7"
144784.86422038078,"0,205,3352,250,13,7260,4"
144934.9540143013,"0,206,3342,250,0,50000"
145232.2933638096,"0,205,3352,250,13,7348,7"
145369.46306800842,"0,206,3342,250,1,0"
147234.64060020447,"0,205,3352,250,13,72,6"
147559.83338189125,"0,206,3342,250,1,0"
149069.63819003105,"0,205,3352,250,13,28,6"
149134.04582238197,"0,206,3342,250,1,0"
149878.97774124146,"0,206,3342,245,1,0"
149929.61957764626,"0,206,3342,250,1,0"
150051.10661268234,"0,206,3342,245,1,0"
150101.7559015751,"0,206,3342,250,1,0"
150109.5618083477,"0,206,3342,250,0,51000"
150543.88699746132,"0,205,3352,250,13,0,9"
150598.98979330063,"0,206,3342,250,1,0"
150857.08317399025,"0,206,3342,245,1,0"
150942.9475312233,"0,206,3342,250,1,0"
151140.22109651566,"0,206,3342,245,1,0"
151226.08405709267,"0,206,3342,250,1,0"
151433.22292137146,"0,206,3342,245,1,0"
151619.21685290337,"0,206,3342,240,1,0"
151654.4387574196,"0,206,3342,245,1,0"
151705.10414505005,"0,206,3342,250,1,0"
151740.30556821823,"0,206,3342,245,1,0"
151785.48913049698,"0,206,3342,240,1,0"
151820.6918401718,"0,206,3342,245,1,0"
151976.97644734383,"0,206,3342,250,1,0"
152012.1931927204,"0,206,3342,245,1,0"
152062.8396537304,"0,206,3342,250,1,0"
152133.36286449432,"0,206,3342,245,1,0"
152219.23287200928,"0,206,3342,250,1,0"
152254.44776892662,"0,206,3342,245,1,0"
152340.32051634789,"0,206,3342,250,1,0"
152345.49203968048,"0,205,3352,240,13,1,8"
152390.67971539497,"0,206,3342,250,1,0"
152425.89021921158,"0,206,3342,245,1,0"
152546.9901278019,"0,206,3342,250,1,0"
152582.1912522316,"0,206,3342,245,1,0"
152914.54745173454,"0,206,3342,250,1,0"
152985.0543179512,"0,206,3342,245,1,0"
153030.23632264137,"0,206,3342,240,1,0"
153065.4513914585,"0,206,3342,245,1,0"
153327.37046146393,"0,206,3342,250,1,0"
153413.24945282936,"0,206,3342,245,1,0"
153640.25748705864,"0,205,3352,250,13,3,8"
153674.7988960743,"0,206,3342,240,1,0"
153709.99580788612,"0,206,3342,245,1,0"
153795.87711572647,"0,206,3342,250,1,0"
153866.3987350464,"0,206,3342,245,1,0"
154711.49129843712,"0,206,3342,244,1,0"
154942.72006702423,"0,206,3352,244,1,0"
154967.82224321365,"0,206,3342,244,1,0"
155290.89426469803,"0,206,3342,250,0,52000"
155692.06015133858,"0,206,3352,244,1,0"
155716.93889570236,"0,206,3342,244,1,0"
155772.22365307808,"0,206,3352,244,1,0"
155797.3312239647,"0,206,3342,244,1,0"
155867.65743637085,"0,206,3342,243,1,0"
155887.60292124748,"0,206,3352,243,1,0"
155912.64261889458,"0,206,3342,243,1,0"
156173.64535617828,"0,206,3342,250,1,0"
156208.73853087425,"0,206,3342,243,1,0"
156439.08001875877,"0,206,3352,243,1,0"
156464.12504005432,"0,206,3342,243,1,0"
156694.4706788063,"0,206,3352,243,1,0"
156719.5138003826,"0,206,3342,243,1,0"
157125.23712301254,"0,206,3352,243,1,0"
157150.25664782524,"0,206,3342,243,1,0"
157220.3271100521,"0,206,3342,242,1,0"
157764.27408337593,"0,206,3352,242,1,0"
157789.42927885056,"0,206,3342,250,1,0"
157824.45639324188,"0,206,3342,242,1,0"
157864.83413648605,"0,206,3342,250,1,0"
157884.73350000381,"0,206,3352,242,1,0"
157909.88279151917,"0,206,3342,250,1,0"
157929.7957856655,"0,206,3352,242,1,0"
157954.93924450874,"0,206,3342,250,1,0"
157989.96488809586,"0,206,3342,242,1,0"
158060.0640888214,"0,206,3342,250,1,0"
158095.0768969059,"0,206,3342,242,1,0"
158289.7721247673,"0,206,3352,242,1,0"
158314.91122460365,"0,206,3342,250,1,0"
158349.94027900696,"0,206,3342,242,1,0"
158474.68395662308,"0,206,3352,242,1,0"
158509.7104215622,"0,206,3342,250,1,0"
158544.71981167793,"0,206,3342,242,1,0"
158564.56779527664,"0,206,3352,242,1,0"
158589.56042695045,"0,206,3342,242,1,0"
158799.35123443604,"0,206,3342,241,1,0"
158819.1587138176,"0,206,3352,241,1,0"
158844.1340959072,"0,206,3342,241,1,0"
158898.8885269165,"0,206,3352,241,1,0"
158923.8670656681,"0,206,3342,241,1,0"
159013.55667614937,"0,206,3352,241,1,0"
159038.53276634216,"0,206,3342,241,1,0"
159093.28462195396,"0,206,3352,241,1,0"
159118.24060344696,"0,206,3342,241,1,0"
159417.57645845413,"0,206,3352,241,1,0"
159442.55105686188,"0,206,3342,241,1,0"
159602.11231589317,"0,206,3352,241,1,0"
159627.09222316742,"0,206,3342,241,1,0"
159716.76949095726,"0,206,3352,241,1,0"
159741.74492621422,"0,206,3342,241,1,0"
159761.54771137238,"0,206,3352,241,1,0"
159786.5263800621,"0,206,3342,241,1,0"
159926.21975255013,"0,206,3342,240,1,0"
160015.13897800446,"0,206,3352,240,1,0"
160016.46718096733,"0,205,3352,250,12,52914,4"
160040.05784749985,"0,206,3342,240,1,0"
160094.55102419853,"0,206,3352,240,1,0"
160119.4681251049,"0,206,3342,240,1,0"
160476.58139252663,"0,206,3342,250,0,53000"
160660.96635746956,"0,206,3352,240,1,0"
160685.8676891327,"0,206,3342,240,1,0"
160879.62982678413,"0,206,3352,240,1,0"
160904.52909326553,"0,206,3342,240,1,0"
160924.2203991413,"0,206,3352,240,1,0"
160959.10006713867,"0,206,3342,250,1,0"
160994.00057196617,"0,206,3342,240,1,0"
161028.75483846664,"0,206,3342,239,1,0"
161048.33884096146,"0,206,3352,239,1,0"
161113.4435493946,"0,206,3342,250,1,0"
161183.46460294724,"0,206,3342,240,1,0"
161218.15959215164,"0,206,3342,239,1,0"
161237.7614645958,"0,206,3352,239,1,0"
161262.84399318695,"0,206,3342,250,1,0"
161297.6942574978,"0,206,3342,239,1,0"
161421.4487478733,"0,206,3352,239,1,0"
161421.52432847023,"0,205,3352,239,13,0,4"
161451.41678833961,"0,206,3342,250,1,0"
161530.95815587044,"0,206,3342,234,1,0"
161565.65829777718,"0,206,3342,239,1,0"
161590.4638659954,"0,206,3352,234,1,0"
161615.45665311813,"0,206,3342,250,1,0"
161650.3132033348,"0,206,3342,239,1,0"
162052.02287459373,"0,206,3352,239,1,0"
162076.88153862953,"0,206,3342,250,1,0"
162111.72742056847,"0,206,3342,239,1,0"
162235.49423146248,"0,206,3352,239,1,0"
162260.5797817707,"0,206,3342,250,1,0"
162295.43505215645,"0,206,3342,239,1,0"
162419.1857059002,"0,206,3352,239,1,0"
162444.2542746067,"0,206,3342,250,1,0"
162513.8351187706,"0,206,3342,239,1,0"
162602.86547923088,"0,206,3352,239,1,0"
162627.95488238335,"0,206,3342,250,1,0"
162662.8092160225,"0,206,3342,239,1,0"
162751.83150196075,"0,206,3352,239,1,0"
162776.68468546867,"0,206,3342,239,1,0"
162880.81334209442,"0,206,3342,238,1,0"
162936.8219218254,"0,205,3352,250,12,53476,0"
163073.74545001984,"0,206,3352,238,1,0"
163118.02167153358,"0,206,3342,238,1,0"
163345.60238957405,"0,206,3352,238,1,0"
163370.44166088104,"0,206,3342,238,1,0"
163424.67085289955,"0,206,3352,238,1,0"
163459.2333264351,"0,206,3342,238,1,0"
163478.78810977936,"0,206,3352,238,1,0"
163503.86279058456,"0,206,3342,250,1,0"
163538.66787815094,"0,206,3342,238,1,0"
163558.21793532372,"0,206,3352,238,1,0"
163583.07298326492,"0,206,3342,238,1,0"
163602.61741662025,"0,206,3352,238,1,0"
163627.45506858826,"0,206,3342,238,1,0"
163647.01625871658,"0,206,3352,238,1,0"
163671.8430902958,"0,206,3342,238,1,0"
163726.07283449173,"0,206,3352,238,1,0"
163780.07786345482,"0,206,3342,238,1,0"
163987.17629051208,"0,206,3342,237,1,0"
164040.73627233505,"0,206,3352,237,1,0"
164084.8222746849,"0,206,3342,237,1,0"
164138.792645216,"0,206,3352,237,1,0"
164163.56109523773,"0,206,3342,237,1,0"
164390.23939275742,"0,206,3352,237,1,0"
164415.017152071,"0,206,3342,237,1,0"
164468.9638426304,"0,206,3352,237,1,0"
164493.75007367134,"0,206,3342,237,1,0"
164582.23932814598,"0,206,3352,237,1,0"
164616.68464326859,"0,206,3342,237,1,0"
165016.06729745865,"0,206,3352,237,1,0"
165040.8350095749,"0,206,3342,237,1,0"
165075.2884824276,"0,206,3342,236,1,0"
165266.84747767448,"0,206,3352,236,1,0"
165291.58324074745,"0,206,3342,236,1,0"
165379.80235862732,"0,206,3352,236,1,0"
165414.44207835197,"0,206,3342,250,1,0"
165449.0926616192,"0,206,3342,236,1,0"
165468.423050642,"0,206,3352,236,1,0"
165493.14946746826,"0,206,3342,236,1,0"
165546.9245183468,"0,206,3352,236,1,0"
165571.65575504303,"0,206,3342,236,1,0"
165660.67632222176,"0,206,3342,250,0,54000"
165709.54137134552,"0,205,3352,236,13,0,5"
165743.88375878334,"0,206,3342,236,1,0"
166245.45052862167,"0,206,3352,235,1,0"
166279.7415728569,"0,206,3342,235,1,0"
166319.82654500008,"0,206,3342,250,1,0"
166389.4613351822,"0,206,3342,236,1,0"
166423.4628882408,"0,206,3342,235,1,0"
166521.15506649017,"0,206,3352,235,1,0"
166545.8614332676,"0,206,3342,235,1,0"
166599.55217838287,"0,206,3352,235,1,0"
166624.26246738434,"0,206,3342,235,1,0"
166624.31194543839,"0,205,3352,235,13,0,9"
166663.45749998093,"0,206,3342,235,1,0"
166682.74052786827,"0,206,3352,235,1,0"
166707.45020651817,"0,206,3342,235,1,0"
166726.75101613998,"0,206,3352,235,1,0"
166751.44668626785,"0,206,3342,235,1,0"
166805.1411676407,"0,206,3352,235,1,0"
166829.85937476158,"0,206,3342,235,1,0"
166986.77940440178,"0,206,3352,235,1,0"
167011.47731924057,"0,206,3342,235,1,0"
167134.6339714527,"0,206,3352,235,1,0"
167168.31246614456,"0,206,3342,235,1,0"
167394.0274260044,"0,206,3352,235,1,0"
167418.74014663696,"0,206,3342,235,1,0"
167521.91164779663,"0,206,3342,234,1,0"
167644.08480501175,"0,206,3352,234,1,0"
167669.0751311779,"0,206,3342,250,1,0"
167703.6319015026,"0,206,3342,234,1,0"
167722.8326535225,"0,206,3352,234,1,0"
167747.4832727909,"0,206,3342,234,1,0"
167903.97873568535,"0,206,3352,234,1,0"
167928.6429874897,"0,206,3342,234,1,0"
167947.82968378067,"0,206,3352,234,1,0"
167972.49958515167,"0,206,3342,234,1,0"
168266.2929918766,"0,206,3352,234,1,0"
168291.26166915894,"0,206,3342,250,1,0"
168325.81304502487,"0,206,3342,234,1,0"
168413.64958548546,"0,206,3352,234,1,0"
168438.31286501884,"0,206,3342,234,1,0"
168781.51524877548,"0,206,3342,233,1,0"
168800.64160513878,"0,206,3352,233,1,0"
168825.63200616837,"0,206,3342,250,1,0"
168860.14187264442,"0,206,3342,233,1,0"
168913.57574820518,"0,206,3352,233,1,0"
168938.55119347572,"0,206,3342,250,1,0"
168973.0624372959,"0,206,3342,233,1,0"
169232.19187879562,"0,206,3352,233,1,0"
169256.83219957352,"0,206,3342,233,1,0"
169584.49032354355,"0,206,3352,233,1,0"
169609.46663236618,"0,206,3342,250,1,0"
169643.98246455193,"0,206,3342,233,1,0"
169800.2427008152,"0,206,3352,233,1,0"
169812.24487495422,"0,205,3352,250,12,54803,6"
169824.8950240612,"0,206,3342,233,1,0"
170015.43323993683,"0,206,3352,233,1,0"
170040.41513943672,"0,206,3342,250,1,0"
170074.92509055138,"0,206,3342,233,1,0"
170128.3711502552,"0,206,3352,233,1,0"
170187.28270936012,"0,206,3342,233,1,0"
170221.47719454765,"0,206,3342,232,1,0"
170631.60653543472,"0,205,3352,232,13,0,9"
170650.52738690376,"0,206,3352,232,1,0"
170675.1183898449,"0,206,3342,232,1,0"
170728.32966971397,"0,206,3352,232,1,0"
170752.9198155403,"0,206,3342,232,1,0"
170845.95571136475,"0,206,3342,250,0,55000"
170942.78279781342,"0,206,3352,232,1,0"
170967.3783302307,"0,206,3342,232,1,0"
171025.91856241226,"0,206,3352,227,1,0"
171050.77660274506,"0,206,3342,250,1,0"
171085.20859885216,"0,206,3342,232,1,0"
171172.57318019867,"0,206,3352,232,1,0"
171197.1740372181,"0,206,3342,232,1,0"
171421.21538186073,"0,206,3352,232,1,0"
171445.80088090897,"0,206,3342,232,1,0"
171479.93821001053,"0,206,3342,231,1,0"
171567.2592971325,"0,206,3352,231,1,0"
171591.8305287361,"0,206,3342,231,1,0"
171645.00020766258,"0,206,3352,231,1,0"
171669.57893300056,"0,206,3342,231,1,0"
171756.89847683907,"0,206,3352,231,1,0"
171781.83769631386,"0,206,3342,250,1,0"
171801.10582208633,"0,206,3352,231,1,0"
171825.67874765396,"0,206,3342,231,1,0"
171844.70804858208,"0,206,3352,231,1,0"
171878.7482404709,"0,206,3342,231,1,0"
172205.0854923725,"0,206,3352,231,1,0"
172230.03373742104,"0,206,3342,250,1,0"
172264.42097520828,"0,206,3342,231,1,0"
172658.62632393837,"0,206,3352,231,1,0"
172683.18544220924,"0,206,3342,231,1,0"
172717.28081440926,"0,206,3342,230,1,0"
172804.18728733063,"0,206,3352,230,1,0"
172829.09903407097,"0,206,3342,250,1,0"
172863.40961813927,"0,206,3342,230,1,0"
172882.32007050514,"0,206,3352,230,1,0"
172906.8251595497,"0,206,3342,230,1,0"
172911.6542749405,"0,205,3352,230,13,1,0"
172925.71001720428,"0,206,3352,230,1,0"
172950.63924908638,"0,206,3342,250,1,0"
172969.82875871658,"0,206,3352,230,1,0"
172994.72630047798,"0,206,3342,250,1,0"
173029.04569768906,"0,206,3342,230,1,0"
173514.8646030426,"0,206,3342,225,1,0"
173548.75437498093,"0,206,3342,230,1,0"
173567.65057110786,"0,206,3352,230,1,0"
173592.16349458694,"0,206,3342,230,1,0"
173747.10687589645,"0,206,3352,230,1,0"
173772.02159261703,"0,206,3342,250,1,0"
173791.21131324768,"0,206,3352,230,1,0"
173816.12825584412,"0,206,3342,250,1,0"
173850.44550156593,"0,206,3342,230,1,0"
173859.96406579018,"0,205,3352,230,13,2,6"
173874.01863503456,"0,206,3352,230,1,0"
173898.93810868263,"0,206,3342,250,1,0"
173933.2595603466,"0,206,3342,230,1,0"
174341.38203120232,"0,206,3342,229,1,0"
174394.07993364334,"0,206,3352,229,1,0"
174418.96746754646,"0,206,3342,250,1,0"
174453.19687271118,"0,206,3342,229,1,0"
174471.99227285385,"0,206,3352,229,1,0"
174496.87967395782,"0,206,3342,250,1,0"
174531.12709331512,"0,206,3342,229,1,0"
174818.46606326103,"0,206,3342,249,1,0"
174852.6856071949,"0,206,3342,229,1,0"
175041.04667305946,"0,206,3352,229,1,0"
175065.5127799511,"0,206,3342,229,1,0"
175420.96821570396,"0,206,3342,249,1,0"
175454.88674116135,"0,206,3342,229,1,0"
175668.32843971252,"0,206,3342,224,1,0"
175702.13849377632,"0,206,3342,229,1,0"
175794.14419078827,"0,206,3352,224,1,0"
175818.93470478058,"0,206,3342,250,1,0"
175887.06598496437,"0,206,3342,229,1,0"
176014.36506795883,"0,206,3352,240,0,56000"
176123.99116826057,"0,206,3342,228,1,0"
176293.5012125969,"0,205,3352,228,13,0,7"
176327.25950932503,"0,206,3342,228,1,0"
177023.66912984848,"0,206,3352,228,1,0"
177048.11082577705,"0,206,3342,228,1,0"
177226.75254154205,"0,206,3342,227,1,0"
177583.01271104813,"0,206,3352,227,1,0"
177607.38718390465,"0,206,3342,227,1,0"
177693.55141973495,"0,206,3352,227,1,0"
177717.92178964615,"0,206,3342,227,1,0"
177801.46971273422,"0,206,3342,247,1,0"
177835.52021455765,"0,206,3342,227,1,0"
178124.270526886,"0,206,3352,227,1,0"
178148.63364720345,"0,206,3342,227,1,0"
178188.34529304504,"0,206,3342,247,1,0"
178222.40350317955,"0,206,3342,227,1,0"
178542.2934806347,"0,206,3342,247,1,0"
178576.3350265026,"0,206,3342,227,1,0"
178812.58263921738,"0,206,3342,226,1,0"
178953.2260746956,"0,206,3342,246,1,0"
178987.21790266037,"0,206,3342,226,1,0"
179060.53586792946,"0,206,3342,246,1,0"
179095.01503705978,"0,206,3342,250,1,0"
179129.5092408657,"0,206,3352,222,1,0"
179154.25557994843,"0,206,3342,250,1,0"
179198.3457221985,"0,206,3342,222,1,0"
179232.00593852997,"0,206,3342,227,1,0"
179333.2268562317,"0,206,3342,226,1,0"
179440.20594096184,"0,206,3342,246,1,0"
179474.1863720417,"0,206,3342,226,1,0"
179513.85209035873,"0,206,3342,247,1,0"
179547.9130578041,"0,206,3342,227,1,0"
179547.98282432556,"0,205,3352,227,13,0,4"
179582.0946378708,"0,206,3342,250,1,0"
179616.22365951538,"0,206,3342,227,1,0"
179649.91303372383,"0,206,3342,226,1,0"
179824.21122026443,"0,206,3342,246,1,0"
179858.69259643555,"0,206,3342,250,1,0"
179960.95394158363,"0,206,3342,226,1,0"
180000.59924411774,"0,206,3342,246,1,0"
180035.0743701458,"0,206,3342,250,1,0"
180069.12965345383,"0,206,3342,226,1,0"
180350.77899241447,"0,206,3342,246,1,0"
180384.7391629219,"0,206,3342,226,1,0"
180434.44159293175,"0,206,3342,247,1,0"
180468.44959020615,"0,206,3342,226,1,0"
180508.09027266502,"0,206,3342,247,1,0"
180542.16736006737,"0,206,3342,227,1,0"
180575.8825531006,"0,206,3342,226,1,0"
180625.60783100128,"0,206,3342,247,1,0"
180659.66699147224,"0,206,3342,227,1,0"
180766.85580348969,"0,206,3342,247,1,0"
180851.01601839066,"0,206,3342,227,1,0"
180869.64517307281,"0,206,3352,227,1,0"
180894.0352215767,"0,206,3342,227,1,0"
181062.9434902668,"0,206,3342,226,1,0"
181102.3777565956,"0,206,3342,247,1,0"
181136.43411040306,"0,206,3342,227,1,0"
181170.13184928894,"0,206,3342,226,1,0"
181200.5705268383,"0,206,3342,250,0,57000"
181277.08929896355,"0,206,3342,246,1,0"
181311.56911945343,"0,206,3342,250,1,0"
181345.62960600853,"0,206,3342,226,1,0"
181526.25138521194,"0,206,3342,247,1,0"
181560.31929826736,"0,206,3342,227,1,0"
181593.97191667557,"0,206,3342,226,1,0"
181633.62751746178,"0,206,3342,247,1,0"
181667.69602131844,"0,206,3342,227,1,0"
181701.38180494308,"0,206,3342,226,1,0"
181808.34888029099,"0,206,3342,246,1,0"
181842.8306980133,"0,206,3342,250,1,0"
181876.87431287766,"0,206,3342,226,1,0"
181950.20839118958,"0,206,3342,247,1,0"
181984.22646450996,"0,206,3342,226,1,0"
182023.88756275177,"0,206,3342,247,1,0"
182057.94602155685,"0,206,3342,227,1,0"
182125.37496685982,"0,206,3342,226,1,0"
182175.08622813225,"0,206,3342,247,1,0"
182209.1384727955,"0,206,3342,227,1,0"
182292.67238664627,"0,206,3342,247,1,0"
182301.66413331032,"0,205,3352,250,12,57213,3"
182326.72904729843,"0,206,3342,227,1,0"
182461.67766404152,"0,206,3342,226,1,0"
182501.34174013138,"0,206,3342,247,1,0"
182535.4020910263,"0,206,3342,227,1,0"
182569.1032719612,"0,206,3342,226,1,0"
182608.75425577164,"0,206,3342,247,1,0"
182627.70982789993,"0,206,3352,227,1,0"
182652.0891714096,"0,206,3342,227,1,0"
182685.81038546562,"0,206,3342,226,1,0"
182725.46960258484,"0,206,3342,247,1,0"
182759.5284395218,"0,206,3342,227,1,0"
182809.30106902122,"0,206,3342,247,1,0"
182843.360257864,"0,206,3342,227,1,0"
182926.86833000183,"0,206,3342,247,1,0"
183011.01818704605,"0,206,3342,227,1,0"
183128.30089998245,"0,206,3342,247,1,0"
183162.35387444496,"0,206,3342,227,1,0"
183167.1053032875,"0,205,3352,227,13,1,6"
183200.7440981865,"0,206,3342,227,1,0"
183234.87781190872,"0,206,3352,222,1,0"
183259.61652612686,"0,206,3342,250,1,0"
183293.74802160263,"0,206,3342,227,1,0"
183333.44396162033,"0,206,3342,247,1,0"
183367.50219130516,"0,206,3342,227,1,0"
183417.28478598595,"0,206,3342,247,1,0"
183451.33476614952,"0,206,3342,227,1,0"
183534.87179398537,"0,206,3342,247,1,0"
183568.91181087494,"0,206,3342,227,1,0"
183652.45018363,"0,206,3342,247,1,0"
183686.52451586723,"0,206,3342,227,1,0"
183871.90818667412,"0,206,3342,247,1,0"
183905.38834810257,"0,206,3342,227,1,0"
183988.90948200226,"0,206,3342,247,1,0"
184022.96909070015,"0,206,3342,227,1,0"
184207.77809166908,"0,206,3342,247,1,0"
184241.83102321625,"0,206,3342,227,1,0"
184291.60781645775,"0,206,3342,247,1,0"
184325.68189048767,"0,206,3342,227,1,0"
184375.42376089096,"0,206,3342,247,1,0"
184459.57343530655,"0,206,3342,227,1,0"
184509.36165714264,"0,206,3342,247,1,0"
184543.40431714058,"0,206,3342,227,1,0"
184728.21423125267,"0,206,3342,247,1,0"
184828.41538262367,"0,206,3342,248,1,0"
184862.56753110886,"0,206,3342,228,1,0"
184930.2724583149,"0,206,3342,227,1,0"
185081.31140232086,"0,206,3342,248,1,0"
185115.39783239365,"0,206,3342,227,1,0"
185290.11127996445,"0,206,3342,247,1,0"
185357.92793130875,"0,206,3342,227,1,0"
185566.41740942,"0,206,3342,247,1,0"
185600.4829363823,"0,206,3342,227,1,0"
185684.01329112053,"0,206,3342,247,1,0"
185718.0765964985,"0,206,3342,227,1,0"
185767.83037638664,"0,206,3342,247,1,0"
185801.90448498726,"0,206,3342,227,1,0"
185875.36438918114,"0,206,3342,247,1,0"
185909.4143371582,"0,206,3342,227,1,0"
185982.88216400146,"0,206,3342,247,1,0"
186016.94056415558,"0,206,3342,227,1,0"
186041.01860237122,"0,206,3352,222,1,0"
186065.77566480637,"0,206,3342,250,1,0"
186099.88353157043,"0,206,3342,227,1,0"
186151.54833626747,"0,205,3352,250,12,57958,5"
186183.43485212326,"0,206,3342,248,1,0"
186217.51297998428,"0,206,3342,227,1,0"
186267.34689855576,"0,206,3342,248,1,0"
186301.51262831688,"0,206,3342,228,1,0"
186351.41441345215,"0,206,3342,248,1,0"
186384.25187063217,"0,206,3342,250,0,58000"
186385.539842844,"0,206,3342,228,1,0"
186511.90894055367,"0,205,3352,248,13,5,7"
186541.0948152542,"0,206,3342,223,1,0"
186590.98161029816,"0,206,3342,248,1,0"
186625.138058424,"0,206,3342,228,1,0"
186732.66166472435,"0,206,3342,248,1,0"
186766.83145666122,"0,206,3342,228,1,0"
186844.52950501442,"0,206,3342,223,1,0"
186878.39653420448,"0,206,3342,228,1,0"
187014.28563976288,"0,206,3352,223,1,0"
187039.0364229679,"0,206,3342,250,1,0"
187073.2320022583,"0,206,3342,228,1,0"
187123.1413989067,"0,206,3342,248,1,0"
187157.26740193367,"0,206,3342,228,1,0"
187342.6657793522,"0,206,3342,248,1,0"
187376.83262085915,"0,206,3342,228,1,0"
187494.92912745476,"0,206,3342,248,1,0"
187528.62986540794,"0,206,3342,228,1,0"
187612.39889740944,"0,206,3342,248,1,0"
187696.73386478424,"0,206,3342,228,1,0"
187746.62146401405,"0,206,3342,248,1,0"
187780.7930674553,"0,206,3342,228,1,0"
187966.19994688034,"0,206,3342,248,1,0"
188000.35158467293,"0,206,3342,228,1,0"
188287.3773572445,"0,206,3342,248,1,0"
188321.50749063492,"0,206,3342,228,1,0"
188540.79352283478,"0,206,3342,248,1,0"
188574.9364631176,"0,206,3342,228,1,0"
188658.70538663864,"0,206,3342,248,1,0"
188692.84108877182,"0,206,3342,228,1,0"
188776.59854006767,"0,206,3342,248,1,0"
188810.74004030228,"0,206,3342,228,1,0"
188928.3775446415,"0,206,3342,248,1,0"
188962.5298204422,"0,206,3342,228,1,0"
189012.42937016487,"0,206,3342,248,1,0"
189046.57765507698,"0,206,3342,228,1,0"
189198.07856464386,"0,206,3342,248,1,0"
189282.3979613781,"0,206,3342,228,1,0"
189433.8937151432,"0,206,3342,248,1,0"
189468.04769539833,"0,206,3342,228,1,0"
189585.68269109726,"0,206,3342,248,1,0"
189619.83910250664,"0,206,3342,228,1,0"
189771.35142540932,"0,206,3342,248,1,0"
189805.4962697029,"0,206,3342,228,1,0"
189990.87171435356,"0,206,3342,248,1,0"
190175.54067611694,"0,206,3342,228,1,0"
190327.0288619995,"0,206,3342,248,1,0"
190445.22804570198,"0,206,3342,228,1,0"
190495.11580967903,"0,206,3342,248,1,0"
190545.30659151077,"0,206,3342,249,1,0"
190579.5175280571,"0,206,3342,229,1,0"
190629.44648456573,"0,206,3342,249,1,0"
190663.64351654053,"0,206,3342,229,1,0"
190703.43806362152,"0,206,3342,249,1,0"
190737.6551208496,"0,206,3342,229,1,0"
190787.5684657097,"0,206,3342,249,1,0"
190821.7762389183,"0,206,3342,229,1,0"
190860.48140716553,"0,205,3352,229,13,1,0"
190890.01279878616,"0,206,3342,250,1,0"
190924.2244427204,"0,206,3342,229,1,0"
190997.95646595955,"0,206,3342,249,1,0"
191082.81216073036,"0,206,3342,250,1,0"
191117.02911806107,"0,206,3342,229,1,0"
191166.95981526375,"0,206,3342,249,1,0"
191251.37130236626,"0,206,3342,229,1,0"
191335.203851223,"0,206,3342,249,1,0"
191369.4040350914,"0,206,3342,229,1,0"
191419.33488321304,"0,206,3342,249,1,0"
191503.7631058693,"0,206,3342,229,1,0"
191553.68623185158,"0,206,3342,249,1,0"
191567.12789320946,"0,206,3342,250,0,59000"
191587.8940601349,"0,206,3342,229,1,0"
191637.82815790176,"0,206,3342,249,1,0"
191722.9069776535,"0,206,3342,230,1,0"
191772.5253548622,"0,206,3342,250,1,0"
191857.2038912773,"0,206,3342,230,1,0"
191907.26405477524,"0,206,3342,250,1,0"
191941.58535909653,"0,206,3342,230,1,0"
191991.63846421242,"0,206,3342,250,1,0"
192025.96357631683,"0,206,3342,230,1,0"
192126.40502643585,"0,206,3342,250,1,0"
192160.7116830349,"0,206,3342,230,1,0"
192210.7925298214,"0,206,3342,250,1,0"
192295.48354125023,"0,206,3342,230,1,0"
192345.5328285694,"0,206,3342,250,1,0"
192379.8414747715,"0,206,3342,230,1,0"
192429.8981564045,"0,206,3342,250,1,0"
192514.6664931774,"0,206,3342,231,1,0"
192598.89338421822,"0,206,3342,250,1,0"
192734.04714250565,"0,206,3342,231,1,0"
192818.31904363632,"0,206,3342,250,1,0"
192852.71225619316,"0,206,3342,231,1,0"
192902.83824539185,"0,206,3342,250,1,0"
192987.6107916832,"0,206,3342,231,1,0"
193037.74753761292,"0,206,3342,250,1,0"
193358.2360906601,"0,206,3342,232,1,0"
193408.3745522499,"0,206,3342,250,1,0"
193493.18389320374,"0,206,3342,232,1,0"
193577.48315000534,"0,206,3342,250,1,0"
193611.9130115509,"0,206,3342,232,1,0"
193662.06004714966,"0,206,3342,250,1,0"
193967.65854597092,"0,206,3342,232,1,0"
194017.80024671555,"0,206,3342,250,1,0"
194052.31339001656,"0,206,3342,233,1,0"
194102.50287032127,"0,206,3342,250,1,0"
194187.45945048332,"0,206,3342,233,1,0"
194374.721473217,"0,206,3342,250,1,0"
194711.83386564255,"0,206,3342,233,1,0"
194762.03419303894,"0,206,3342,250,1,0"
194796.53618574142,"0,206,3342,233,1,0"
194846.73808717728,"0,206,3342,250,1,0"
194982.15401554108,"0,206,3342,234,1,0"
195066.68275737762,"0,206,3342,250,1,0"
195186.51026773453,"0,206,3342,234,1,0"
195226.55220866203,"0,206,3342,250,1,0"
195593.2549495697,"0,206,3342,235,1,0"
195677.9060537815,"0,206,3342,250,1,0"
195712.52359509468,"0,206,3342,235,1,0"
195762.77337527275,"0,206,3342,250,1,0"
195797.3724975586,"0,206,3342,235,1,0"
195847.64025902748,"0,206,3342,250,1,0"
196088.88093352318,"0,205,3352,250,12,59875,5"
196589.1722919941,"0,205,3352,250,13,0,3"
196629.15966796875,"0,206,3342,250,1,0"
196750.08131670952,"0,206,3342,250,0,60000"
196850.3188803196,"0,206,3342,237,1,0"
196936.27974581718,"0,206,3342,250,1,0"
197284.3045835495,"0,206,3342,238,1,0"
197369.36545228958,"0,206,3342,250,1,0"
198214.7676858902,"0,205,3352,250,13,0,4"
198254.92764496803,"0,206,3342,250,1,0"
198289.82595205307,"0,206,3342,240,1,0"
198340.28497743607,"0,206,3342,250,1,0"
198851.56927251816,"0,206,3342,241,1,0"
198930.82131910324,"0,206,3342,236,1,0"
198981.34057307243,"0,206,3342,250,1,0"
199066.87514829636,"0,206,3342,241,1,0"
199117.3992409706,"0,206,3342,250,1,0"
199885.74693989754,"0,206,3342,243,1,0"
200057.86089992523,"0,206,3342,250,1,0"
200229.8211145401,"0,206,3342,243,1,0"
200305.8404893875,"0,206,3342,250,1,0"
200355.80158424377,"0,205,3352,240,12,60698,4"
200731.81824183464,"0,206,3342,240,1,0"
200782.47456645966,"0,206,3342,250,1,0"
201050.7627506256,"0,206,3342,245,1,0"
201065.97850346565,"0,205,3352,250,13,3,2"
201095.9192085266,"0,206,3342,240,1,0"
201146.575902462,"0,206,3342,250,1,0"
201931.39636325836,"0,206,3342,250,0,61000"
202365.09454250336,"0,205,3352,250,13,58,7"
202461.53372764587,"0,206,3342,250,1,0"
202496.73103380203,"0,206,3342,245,1,0"
202710.52409863472,"0,206,3342,250,1,0"
203410.24111008644,"0,206,3342,245,1,0"
203460.69526553154,"0,206,3342,250,1,0"
203623.4358842373,"0,205,3352,250,13,32,8"
203857.237906456,"0,206,3342,250,1,0"
205396.889213562,"0,205,3352,250,12,61671,7"
207096.0067229271,"0,206,3352,250,0,62000"
208162.9061281681,"0,205,3352,250,13,248,6"
209218.96469855309,"0,205,3352,250,12,62411,2"
210959.48381853104,"0,205,3352,250,13,798,2"
211986.81797289848,"0,206,3352,250,1,1000"
212274.9927842617,"0,206,3342,250,0,63000"
212419.04480481148,"0,205,3352,250,13,1085,5"
213466.57555055618,"0,205,3352,250,13,1291,5"
214427.19909405708,"0,205,3352,250,13,1480,8"
215774.64121103287,"0,205,3352,250,13,1745,2"
217071.1332230568,"0,206,3352,250,1,2000"
217438.21257591248,"0,206,3352,250,0,64000"
217681.26219797134,"0,205,3352,250,13,2120,4"
218595.1167767048,"0,205,3352,250,12,64224,8"
218880.97412848473,"0,205,3352,250,13,2356,4"
221748.0989727974,"0,205,3352,250,13,2920,5"
222170.41761803627,"0,206,3342,250,1,3000"
222601.10573506355,"0,206,3352,250,0,65000"
223814.7802886963,"0,205,3352,250,12,65235,2"
224645.05224323273,"0,205,3352,250,13,3487,6"
225636.37215209007,"0,205,3352,250,13,3682,0"
226948.3001446724,"0,205,3352,250,12,65842,6"
227044.24395346642,"0,205,3352,250,13,3959,2"
227252.73718357086,"0,206,3352,250,1,4000"
227778.98976683617,"0,206,3342,250,0,66000"
228381.2943763733,"0,205,3352,250,13,4222,1"
230811.74714183807,"0,206,3342,250,1,0"
232957.6665980816,"0,206,3342,250,0,67000"
233532.30343580246,"0,206,3342,240,1,0"
233572.20492386818,"0,206,3342,250,1,0"
233835.46698999405,"0,206,3342,245,1,0"
233926.81240296364,"0,206,3342,250,1,0"
233942.04862213135,"0,205,3352,250,13,3,5"
234002.88440847397,"0,206,3342,250,1,0"
234256.17835760117,"0,206,3342,245,1,0"
234306.8466718197,"0,206,3342,250,1,0"
234585.7246658802,"0,206,3342,245,1,0"
234636.02274298668,"0,206,3342,250,1,0"
234671.2195456028,"0,206,3342,245,1,0"
234671.33046913147,"0,205,3352,245,13,0,2"
234721.89250397682,"0,206,3342,250,1,0"
234959.75107216835,"0,206,3342,245,1,0"
235010.40256524086,"0,206,3342,250,1,0"
235045.61458444595,"0,206,3342,245,1,0"
235131.47844409943,"0,206,3342,250,1,0"
235166.6779549122,"0,206,3342,245,1,0"
235287.77980279922,"0,206,3342,250,1,0"
235322.97646903992,"0,206,3342,245,1,0"
235398.6658501625,"0,206,3342,250,1,0"
235433.87912416458,"0,206,3342,245,1,0"
235564.9256811142,"0,205,3352,250,13,5,9"
235610.52983117104,"0,206,3342,250,1,0"
235696.40969586372,"0,206,3342,245,1,0"
235747.08221244812,"0,206,3342,250,1,0"
235782.28781032562,"0,206,3342,245,1,0"
235938.59791707993,"0,206,3342,250,1,0"
235973.8019118309,"0,206,3342,245,1,0"
236049.49016833305,"0,206,3342,250,1,0"
236084.7188220024,"0,206,3342,245,1,0"
236346.6759622097,"0,206,3342,250,1,0"
236381.86822414398,"0,206,3342,245,1,0"
236643.82595944405,"0,206,3342,250,1,0"
236679.02242994308,"0,206,3342,245,1,0"
236734.32730197906,"0,206,3352,245,1,0"
236759.43456864357,"0,206,3342,245,1,0"
237131.66989779472,"0,206,3352,245,1,0"
237156.8701891899,"0,206,3342,250,1,0"
237176.97961997986,"0,206,3352,245,1,0"
237202.08098483086,"0,206,3342,245,1,0"
237327.8206641674,"0,206,3352,245,1,0"
237352.9242811203,"0,206,3342,245,1,0"
237373.0078585148,"0,206,3352,245,1,0"
237398.23393034935,"0,206,3342,250,1,0"
237433.446423769,"0,206,3342,245,1,0"
237559.173848629,"0,206,3352,245,1,0"
237584.29711580276,"0,206,3342,245,1,0"
237725.15038514137,"0,206,3342,244,1,0"
237815.5967423916,"0,206,3352,244,1,0"
237840.82536315918,"0,206,3342,250,1,0"
237860.89128136635,"0,206,3352,244,1,0"
237885.9862356186,"0,206,3342,244,1,0"
237906.05612802505,"0,206,3352,244,1,0"
237931.16259551048,"0,206,3342,244,1,0"
238126.80453658104,"0,206,3352,250,0,68000"
238197.63391399384,"0,206,3352,244,1,0"
238222.71996760368,"0,206,3342,244,1,0"
238242.8123986721,"0,206,3352,244,1,0"
238287.87166762352,"0,206,3342,244,1,0"
238307.9502401352,"0,206,3352,244,1,0"
238343.14687776566,"0,206,3342,250,1,0"
238378.32730078697,"0,206,3342,244,1,0"
238398.40269184113,"0,206,3352,244,1,0"
238423.51576590538,"0,206,3342,244,1,0"
238584.3911728859,"0,206,3352,244,1,0"
238609.51058268547,"0,206,3342,244,1,0"
238699.5508799553,"0,206,3352,244,1,0"
238724.63615727425,"0,206,3342,244,1,0"
238744.7218644619,"0,206,3352,244,1,0"
238779.80787730217,"0,206,3342,244,1,0"
238799.88524842262,"0,206,3352,244,1,0"
238824.99077415466,"0,206,3342,244,1,0"
238845.0525779724,"0,206,3352,244,1,0"
238870.2770433426,"0,206,3342,250,1,0"
238890.3385593891,"0,206,3352,244,1,0"
238915.44953870773,"0,206,3342,244,1,0"
238935.5168094635,"0,206,3352,244,1,0"
238970.60389590263,"0,206,3342,244,1,0"
239025.82595539093,"0,206,3352,243,1,0"
239050.8674609661,"0,206,3342,243,1,0"
239176.01522493362,"0,206,3352,243,1,0"
239210.995013237,"0,206,3342,243,1,0"
239230.9101986885,"0,206,3352,243,1,0"
239266.01704096794,"0,206,3342,250,1,0"
239301.12162852287,"0,206,3342,243,1,0"
239321.07067227364,"0,206,3352,243,1,0"
239356.03501677513,"0,206,3342,243,1,0"
239411.04171061516,"0,206,3352,243,1,0"
239436.07066607475,"0,206,3342,243,1,0"
239525.78197336197,"0,206,3352,243,1,0"
239560.7359638214,"0,206,3342,243,1,0"
239650.84076833725,"0,206,3352,243,1,0"
239675.8553431034,"0,206,3342,243,1,0"
239730.87963223457,"0,206,3352,243,1,0"
239755.9248597622,"0,206,3342,243,1,0"
239775.85888242722,"0,206,3352,243,1,0"
239835.9801287651,"0,206,3342,243,1,0"
239855.92717790604,"0,206,3352,243,1,0"
239900.8188610077,"0,206,3342,243,1,0"
239920.7516682148,"0,206,3352,243,1,0"
239945.79884409904,"0,206,3342,243,1,0"
239965.73452806473,"0,206,3352,243,1,0"
240000.84582018852,"0,206,3342,250,1,0"
240020.8277463913,"0,206,3352,243,1,0"
240065.83787178993,"0,206,3342,250,1,0"
240085.82732272148,"0,206,3352,243,1,0"
240120.90930247307,"0,206,3342,250,1,0"
240140.906550169,"0,206,3352,243,1,0"
240166.0894665718,"0,206,3342,250,1,0"
240186.058095932,"0,206,3352,243,1,0"
240211.1077194214,"0,206,3342,243,1,0"
240231.0518066883,"0,206,3352,243,1,0"
240285.84136748314,"0,206,3342,243,1,0"
240340.86664509773,"0,206,3352,243,1,0"
240375.9464905262,"0,206,3342,250,1,0"
240395.93746566772,"0,206,3352,243,1,0"
240421.11689019203,"0,206,3342,250,1,0"
240456.22050642967,"0,206,3342,243,1,0"
240511.23809337616,"0,206,3352,243,1,0"
240556.25021076202,"0,206,3342,250,1,0"
240576.24376630783,"0,206,3352,243,1,0"
240631.0374994278,"0,206,3342,243,1,0"
240650.52616620064,"0,206,3352,242,1,0"
240675.51760077477,"0,206,3342,242,1,0"
240695.36923646927,"0,206,3352,242,1,0"
240720.3494539261,"0,206,3342,242,1,0"
240740.20610785484,"0,206,3352,242,1,0"
240858.678327322,"0,205,3352,242,13,0,0"
240873.41069102287,"0,206,3352,242,1,0"
240908.41966843605,"0,206,3342,250,1,0"
240928.3305053711,"0,206,3352,242,1,0"
240973.03850626945,"0,206,3342,242,1,0"
240992.89818024635,"0,206,3352,242,1,0"
241027.75094747543,"0,206,3342,242,1,0"
241047.5988097191,"0,206,3352,242,1,0"
241151.51725530624,"0,206,3342,242,1,0"
241206.337672472,"0,206,3352,242,1,0"
241359.6001830101,"0,206,3342,242,1,0"
241379.4277126789,"0,206,3352,242,1,0"
241404.4236085415,"0,206,3342,242,1,0"
241424.27595710754,"0,206,3352,242,1,0"
241518.33032393456,"0,206,3342,242,1,0"
241537.77275276184,"0,206,3352,242,1,0"
241572.6384575367,"0,206,3342,242,1,0"
241592.47530460358,"0,206,3352,242,1,0"
241616.76268672943,"0,205,3352,250,12,68675,7"
241701.00334644318,"0,206,3352,241,1,0"
241755.53197741508,"0,206,3342,241,1,0"
241775.34479546547,"0,206,3352,241,1,0"
241859.59143209457,"0,206,3342,250,1,0"
241879.44195699692,"0,206,3352,241,1,0"
241904.60325193405,"0,206,3342,250,1,0"
241924.4515645504,"0,206,3352,241,1,0"
242057.99870038033,"0,206,3342,250,1,0"
242077.83939290047,"0,206,3352,241,1,0"
242398.3767774105,"0,206,3342,241,1,0"
242418.1700873375,"0,206,3352,241,1,0"
242900.89726495743,"0,206,3352,240,1,0"
243033.69272828102,"0,206,3342,250,1,0"
243053.49327254295,"0,206,3352,240,1,0"
243078.61223125458,"0,206,3342,250,1,0"
243098.40031266212,"0,206,3352,240,1,0"
243313.225420475,"0,206,3342,250,0,69000"
243730.28410243988,"0,206,3342,240,1,0"
243749.9522690773,"0,206,3352,240,1,0"
243863.1815881729,"0,206,3342,250,1,0"
243868.39747977257,"0,205,3352,235,13,1,5"
243882.86639523506,"0,206,3352,240,1,0"
243976.512485981,"0,206,3342,250,1,0"
243996.30453276634,"0,206,3352,240,1,0"
244152.88280200958,"0,206,3352,239,1,0"
244294.87724733353,"0,206,3342,250,1,0"
244314.5982131958,"0,206,3352,239,1,0"
244368.68957734108,"0,206,3342,239,1,0"
244387.89795207977,"0,206,3352,239,1,0"
244530.25516676903,"0,206,3342,239,1,0"
244549.27177023888,"0,206,3352,239,1,0"
244622.8698041439,"0,206,3342,239,1,0"
244642.07533097267,"0,206,3352,239,1,0"
244696.17967271805,"0,206,3342,239,1,0"
244715.37228775024,"0,206,3352,239,1,0"
244759.7262198925,"0,206,3342,239,1,0"
244778.94259643555,"0,206,3352,239,1,0"
244901.24005913734,"0,206,3342,239,1,0"
244915.5720117092,"0,206,3352,239,1,0"
244964.28876638412,"0,206,3352,238,1,0"
245047.66328430176,"0,206,3342,250,1,0"
245067.34456133842,"0,206,3352,238,1,0"
245393.5306892395,"0,206,3342,238,1,0"
245413.06374454498,"0,206,3352,238,1,0"
245700.56661868095,"0,206,3342,250,1,0"
245729.9704630375,"0,206,3352,238,1,0"
245881.4000582695,"0,206,3342,250,1,0"
245910.818908453,"0,206,3352,238,1,0"
246110.6038300991,"0,206,3342,238,1,0"
246129.62180542946,"0,206,3352,237,1,0"
246289.82631468773,"0,206,3342,250,1,0"
246309.41027498245,"0,206,3352,237,1,0"
246363.42148065567,"0,206,3342,250,1,0"
246383.01845240593,"0,206,3352,237,1,0"
246861.53262400627,"0,206,3342,237,1,0"
246880.54283452034,"0,206,3352,237,1,0"
246982.82116675377,"0,206,3342,250,1,0"
247002.41994404793,"0,206,3352,237,1,0"
247162.61836361885,"0,206,3342,250,1,0"
247182.20857787132,"0,206,3352,237,1,0"
247265.186576128,"0,206,3342,250,1,0"
247299.90107035637,"0,206,3342,237,1,0"
247319.32740306854,"0,206,3352,237,1,0"
247377.2289059162,"0,206,3352,236,1,0"
247571.41766309738,"0,206,3342,236,1,0"
247625.18621373177,"0,206,3352,236,1,0"
247669.13362908363,"0,206,3342,236,1,0"
247688.0682516098,"0,206,3352,236,1,0"
247751.22286725044,"0,206,3342,236,1,0"
247770.5550711155,"0,206,3352,236,1,0"
247920.1885330677,"0,206,3342,236,1,0"
248007.629570961,"0,206,3352,236,1,0"
248153.28212332726,"0,206,3342,236,1,0"
248172.60424089432,"0,206,3352,236,1,0"
248197.34848976135,"0,206,3342,236,1,0"
248216.27842855453,"0,206,3352,236,1,0"
248250.60807299614,"0,206,3342,236,1,0"
248274.27323818207,"0,206,3352,235,1,0"
248356.818297863,"0,206,3342,250,1,0"
248376.31247115135,"0,206,3352,235,1,0"
248501.5346159935,"0,206,3342,250,0,70000"
248525.96549868584,"0,206,3342,250,1,0"
248545.4493713379,"0,206,3352,235,1,0"
248580.05173921585,"0,206,3342,250,1,0"
248599.53908848763,"0,206,3352,235,1,0"
248653.3262348175,"0,206,3342,250,1,0"
248672.81636357307,"0,206,3352,235,1,0"
249215.23855233192,"0,206,3342,235,1,0"
249234.1015806198,"0,206,3352,235,1,0"
249374.15576529503,"0,206,3342,250,1,0"
249393.64458608627,"0,206,3352,235,1,0"
249406.55661654472,"0,205,3352,250,12,70175,7"
249479.90948557854,"0,206,3352,234,1,0"
249523.9977836609,"0,206,3342,250,1,0"
249543.4346497059,"0,206,3352,234,1,0"
249568.1192331314,"0,206,3342,234,1,0"
249586.89539289474,"0,206,3352,234,1,0"
249687.93004059792,"0,206,3342,234,1,0"
249697.2240524292,"0,205,3352,234,13,2,9"
249711.47737550735,"0,206,3352,234,1,0"
249746.0161869526,"0,206,3342,250,1,0"
249765.4251077175,"0,206,3352,234,1,0"
249828.2982931137,"0,206,3342,234,1,0"
249847.08007502556,"0,206,3352,234,1,0"
249929.00969481468,"0,206,3342,234,1,0"
249947.80105113983,"0,206,3352,234,1,0"
250029.73453593254,"0,206,3342,234,1,0"
250082.8500237465,"0,206,3352,234,1,0"
250107.5187652111,"0,206,3342,234,1,0"
250126.72163820267,"0,206,3352,234,1,0"
250246.84351539612,"0,206,3342,234,1,0"
250266.03089284897,"0,206,3352,234,1,0"
250376.55921649933,"0,206,3342,233,1,0"
250395.7197649479,"0,206,3352,233,1,0"
250629.82884073257,"0,206,3342,233,1,0"
250648.56488776207,"0,206,3352,233,1,0"
250740.2082169056,"0,206,3342,250,1,0"
250759.57962203026,"0,206,3352,233,1,0"
250870.2586696148,"0,206,3342,250,1,0"
250875.48458766937,"0,205,3352,228,13,1,6"
250889.54980015755,"0,206,3352,233,1,0"
251228.74548721313,"0,206,3342,250,1,0"
251248.1293039322,"0,206,3352,233,1,0"
251301.67475152016,"0,206,3342,250,1,0"
251321.065179348,"0,206,3352,233,1,0"
251559.59803676605,"0,206,3352,232,1,0"
251767.3104748726,"0,205,3352,232,13,0,6"
251781.46974921227,"0,206,3352,232,1,0"
251834.83571839333,"0,206,3342,250,1,0"
251854.14127373695,"0,206,3352,232,1,0"
251907.1267733574,"0,206,3342,232,1,0"
251926.16925048828,"0,206,3352,232,1,0"
251979.14713716507,"0,206,3342,232,1,0"
251997.78932619095,"0,206,3352,232,1,0"
252107.93023872375,"0,206,3342,250,1,0"
252127.23918771744,"0,206,3352,232,1,0"
252199.13754153252,"0,206,3342,232,1,0"
252217.78529977798,"0,206,3352,232,1,0"
252251.8472993374,"0,206,3342,232,1,0"
252305.0443959236,"0,206,3352,232,1,0"
252367.50528359413,"0,206,3342,232,1,0"
252381.79698300362,"0,206,3352,232,1,0"
252416.22488307953,"0,206,3342,250,1,0"
252435.52409934998,"0,206,3352,232,1,0"
252488.52117729187,"0,206,3342,232,1,0"
252550.79423093796,"0,206,3352,232,1,0"
252594.67934656143,"0,206,3342,250,1,0"
252613.97449612617,"0,206,3352,232,1,0"
252648.03286409378,"0,206,3342,232,1,0"
252667.07783913612,"0,206,3352,232,1,0"
252676.52804374695,"0,206,3352,231,1,0"
252754.52171278,"0,206,3342,250,1,0"
252788.92118263245,"0,206,3342,231,1,0"
252807.94947981834,"0,206,3352,231,1,0"
252898.70455813408,"0,206,3342,231,1,0"
252927.18881917,"0,206,3352,231,1,0"
252971.0421514511,"0,206,3342,250,1,0"
252990.3104879856,"0,206,3352,231,1,0"
253034.16486287117,"0,206,3342,250,1,0"
253053.4338297844,"0,206,3352,231,1,0"
253078.37098407745,"0,206,3342,250,1,0"
253097.65756607056,"0,206,3352,231,1,0"
253122.59202861786,"0,206,3342,250,1,0"
253141.86454606056,"0,206,3352,231,1,0"
253195.1671309471,"0,206,3342,250,1,0"
253200.35097289085,"0,205,3352,226,13,1,5"
253219.04657578468,"0,206,3352,231,1,0"
253253.0841345787,"0,206,3342,231,1,0"
253271.64733052254,"0,206,3352,231,1,0"
253296.60935497284,"0,206,3342,250,1,0"
253315.8736600876,"0,206,3352,231,1,0"
253350.27216243744,"0,206,3342,250,1,0"
253369.54405617714,"0,206,3352,231,1,0"
253432.31728363037,"0,206,3342,250,1,0"
253451.58890604973,"0,206,3352,231,1,0"
253542.72628855705,"0,206,3342,250,1,0"
253577.12157917023,"0,206,3342,231,1,0"
253630.27806949615,"0,206,3352,231,1,0"
253689.74575471878,"0,206,3342,250,0,71000"
253693.04480838776,"0,206,3342,250,1,0"
253712.32449102402,"0,206,3352,231,1,0"
253831.81801056862,"0,206,3342,250,1,0"
253851.07223272324,"0,206,3352,231,1,0"
253970.58148694038,"0,206,3342,250,1,0"
253989.83568692207,"0,206,3352,231,1,0"
254052.25005364418,"0,206,3342,231,1,0"
254071.2688536644,"0,206,3352,231,1,0"
254105.68119955063,"0,206,3342,250,1,0"
254124.94232034683,"0,206,3352,231,1,0"
254216.0749359131,"0,206,3342,250,1,0"
254235.35203552246,"0,206,3352,231,1,0"
254307.5576877594,"0,206,3342,250,1,0"
254326.8392252922,"0,206,3352,231,1,0"
254389.59707212448,"0,206,3342,250,1,0"
254423.99796533585,"0,206,3342,231,1,0"
254443.01660966873,"0,206,3352,231,1,0"
254467.9637131691,"0,206,3342,250,1,0"
254487.23540639877,"0,206,3352,231,1,0"
254597.26847934723,"0,206,3342,250,1,0"
254631.6648595333,"0,206,3342,231,1,0"
254650.68576288223,"0,206,3352,231,1,0"
254722.90323877335,"0,206,3342,250,1,0"
254742.16818213463,"0,206,3352,231,1,0"
254814.4051580429,"0,206,3342,250,1,0"
254827.56717419624,"0,205,3352,250,12,71220,2"
254833.6539287567,"0,206,3352,231,1,0"
254886.97489881516,"0,206,3342,250,1,0"
254906.2404038906,"0,206,3352,231,1,0"
255016.29460144043,"0,206,3342,250,1,0"
255035.55001664162,"0,206,3352,231,1,0"
255117.231000185,"0,206,3342,250,1,0"
255136.49755954742,"0,206,3352,231,1,0"
255208.7132282257,"0,206,3342,250,1,0"
255227.97941851616,"0,206,3352,231,1,0"
255271.84925103188,"0,206,3342,250,1,0"
255271.91151738167,"0,205,3352,250,13,0,7"
255291.11218595505,"0,206,3352,231,1,0"
255328.89005947113,"0,206,3352,230,1,0"
255484.85462975502,"0,206,3342,230,1,0"
255503.7353348732,"0,206,3352,230,1,0"
255566.20429849625,"0,206,3342,250,1,0"
255585.40768003464,"0,206,3352,230,1,0"
255760.53849554062,"0,206,3342,250,1,0"
255779.72486019135,"0,206,3352,230,1,0"
255870.36661314964,"0,206,3342,250,1,0"
255889.55706858635,"0,206,3352,230,1,0"
256017.74291276932,"0,206,3342,250,1,0"
256036.9295270443,"0,206,3352,230,1,0"
256090.00408768654,"0,206,3342,250,1,0"
256109.19286298752,"0,206,3352,230,1,0"
256171.687625885,"0,206,3342,250,1,0"
256190.86113977432,"0,206,3352,230,1,0"
256384.79248070717,"0,206,3342,250,1,0"
256403.959297657,"0,206,3352,230,1,0"
256512.99249744415,"0,206,3342,230,1,0"
256531.8658554554,"0,206,3352,230,1,0"
256625.78850769997,"0,205,3352,230,13,0,0"
256639.83506274223,"0,206,3352,230,1,0"
256761.86591625214,"0,206,3352,229,1,0"
256796.0882716179,"0,206,3342,250,1,0"
256815.28835892677,"0,206,3352,230,1,0"
256824.65144824982,"0,206,3352,229,1,0"
256849.53520011902,"0,206,3342,250,1,0"
256868.72270703316,"0,206,3352,230,1,0"
256887.4778869152,"0,206,3352,229,1,0"
256977.75477910042,"0,206,3342,250,1,0"
256996.8556625843,"0,206,3352,229,1,0"
257124.08027386665,"0,206,3342,229,1,0"
257142.8529715538,"0,206,3352,229,1,0"
257185.99538207054,"0,206,3342,229,1,0"
257204.7845799923,"0,206,3352,229,1,0"
257257.26873660088,"0,206,3342,229,1,0"
257276.05246305466,"0,206,3352,229,1,0"
257328.54380249977,"0,206,3342,229,1,0"
257380.45538258553,"0,206,3352,229,1,0"
257535.68060731888,"0,206,3342,229,1,0"
257554.45792984962,"0,206,3352,229,1,0"
257625.62124729156,"0,206,3342,229,1,0"
257644.42043471336,"0,206,3352,229,1,0"
257724.92136693,"0,206,3342,229,1,0"
257743.71129703522,"0,206,3352,229,1,0"
257786.8509027958,"0,206,3342,229,1,0"
257805.6423854828,"0,206,3352,229,1,0"
257858.55758428574,"0,206,3342,250,1,0"
257877.6705005169,"0,206,3352,229,1,0"
257905.6818242073,"0,206,3352,228,1,0"
257958.09528017044,"0,206,3342,228,1,0"
257976.8433470726,"0,206,3352,228,1,0"
258057.66043829918,"0,206,3342,250,1,0"
258091.8598935604,"0,206,3342,228,1,0"
258110.60591769218,"0,206,3352,228,1,0"
258247.37235856056,"0,206,3342,250,1,0"
258266.44707870483,"0,206,3352,228,1,0"
258365.9046523571,"0,206,3342,250,1,0"
258384.97966861725,"0,206,3352,228,1,0"
258447.14449620247,"0,206,3342,250,1,0"
258466.22537374496,"0,206,3352,228,1,0"
258559.51252532005,"0,205,3352,228,13,0,7"
258573.44022655487,"0,206,3352,228,1,0"
258597.88423395157,"0,206,3342,228,1,0"
258616.6476817131,"0,206,3352,228,1,0"
258734.76682376862,"0,206,3342,250,1,0"
258768.9478123188,"0,206,3342,228,1,0"
258797.0362443924,"0,206,3352,228,1,0"
258849.87448883057,"0,206,3342,250,1,0"
258876.66269874573,"0,206,3342,250,0,72000"
258884.083227396,"0,206,3342,228,1,0"
258902.83707523346,"0,206,3352,228,1,0"
259197.6790549755,"0,206,3342,228,1,0"
